카드_고유키,카드설명
카드_0,
카드_1,바다위새로운세상휴먼라이프크루즈여행을위한맞춤혜택
카드_2,7개업종중선택한1개업종가맹점에서카드사용시7%청구할인
카드_3,법인/개인사업자에최적화된혜택을드리는카드
카드_4,국고보조금집행시사용되는카드
카드_5,국고보조금집행시사용되는카드로써국고보조금을교부받는보조사업자에게발급해드리는카드
카드_6,국가바우처통합카드
카드_7,특별한1%의당신을위해남다른품격과가치의시작
카드_8,특별한1%의당신을위해남다른품격과가치의시작
카드_9,성공비즈니스를위한든든한파트너
카드_10,ILoveDokdo
카드_11,대한민국우리의땅독도를지킵시다
카드_12,"신용카드고유기능을이용하는법인신용카드로포인트약정기업회원연안여객포인트적립,바다마트청구할인"
카드_13,"행복한생활,쇼핑의즐거움"
카드_14,"생활도Green,카드도Green일상속에서손쉽게녹색생활을실천하고그린카드로우리가족생활비절약은물론다양한혜택까지~"
카드_15,투명하고효율적인정부예산집행정부관서모든예산과목의운영경비를정부구매카드로지출하세요.
카드_16,회원의카드이용금액에따라제휴업체인대한항공의스카이패스마일리지를적립해주는상품
카드_17,수협은행제휴학교전용체크카드
카드_18,국고보조금집행시사용되는카드로써국고보조금을교부받는보조사업자및대상자에게발급해드리는체크카드
카드_19,국고보조금집행시사용되는카드로써국고보조금을교부받는보조사업자및대상자에게발급해드리는체크카드
카드_20,국가바우처통합카드
카드_21,"생활도Green,카드도Green일상속에서손쉽게녹색생활을실천하고그린카드로우리가족생활비절약은물론다양한혜택까지~"
카드_22,제주도청에서민간(개인및단체)에지원되는보조금예산에대한집행을수협은행에서발행된보조금전용카드를통하여집행하도록발행된카드
카드_23,코웨이 렌탈요금 청구할인!
카드_24,SK매직 렌탈요금 청구할인!
카드_25,LG전자 구독요금 청구할인과 장기할부 서비스!
카드_26,바디프랜드 렌탈요금 청구할인과 장기할부 서비스!
카드_27,넥센타이어 렌탈요금 청구할인!
카드_28,쿠쿠 렌탈요금 청구할인과 장기할부 서비스!
카드_29,NU 갤러리아 우리카드
카드_30,코오롱몰 상품 구매시 5% 청구할인 혜택 + 12/24/36개월 장기할부 청구할인 혜택까지!
카드_31,나를 위한 UNIQ한 선택
카드_32,"오케이몰 상품을 24/36개월 장기할부로 구매하고, 월 최대 2만원 청구할인 혜택까지!"
카드_33,"국가바우처, 임신/출산, 보육/교육, 쇼핑, 해외, 언택트라이프 혜택까지 모두 담다!!"
카드_34,"국가바우처, 임신/출산, 보육/교육, 쇼핑, 해외, 언택트라이프 혜택까지 모두 담다!!"
카드_35,AK 우리카드에 AK 쇼핑의 혜택을 전부 담다
카드_36,카드의정석 넥센타이어 렌탈 우리카드
카드_37,"모든 백화점, 대형마트, 주유소에서&lt /5% 청구할인"
카드_38,"전통시장에서 장볼때 최대 5%까지,&lt/대중교통비 5% 할인되는 알뜰한 카드!"
카드_39,세라젬 제품 구매하고&ltBR기분좋은 청구할인 혜택까지!
카드_40,프뢰벨 제품 장기할부 구매 시 &lt 월 최대 2만원 청구할인 혜택!
카드_41,더배스트 렌탈 및 할부구매하고&lt 최대 2만원 할인받자!
카드_42,당신의 똑똑한 렌탈 라이프
카드_43,BS 렌탈요금 할인서비스에 다양한 생활 혜택까지 누리자!
카드_44,코웨이 렌탈요금 자동이체하고&lt최대 2만원 할인받자!
카드_45,청호나이스 렌탈요금 자동이체하고 최대 2만원 할인받자!
카드_46,"슬림할부로 청호나이스제품 부담없이 구매하고, 다양한 생활 혜택까지 누리자!"
카드_47,"슬림할부로 바디프랜드 제품 부담없이 구매하고, 다양한 생활 혜택까지 누리자!"
카드_48,"슬림할부로 쿠쿠제품 부담없이 구매하고, 다양한 생활 혜택까지 누리자!"
카드_49,"현대렌탈케어 렌탈요금 할인에, 다양한 생활 혜택까지 누리자!"
카드_50,슬림할부로 코웨이제품 부담없이 구매하고 다양한 생활할인 혜택까지 누리자!
카드_51,대림케어 렌탈요금 할인에 다양한 생활 혜택까지!
카드_52,실속만점 생활할인은 기본!&ltBR렌탈요금/상조회비까지 할인받자 !
카드_53,실속있게 생활할인은 기본&lt /&ltem바디프랜드 렌탈요금 할인까지!&lt/em
카드_54,실속만점 생활할인은 기본!&lt이제 렌탈요금 까지 할인 받자!
카드_55,"GS25할인 5%, T머니 10% 할인 서비스"
카드_56,2자녀 이상을 둔 가정에게 드리는&lt최대 특혜를 누리세요~!
카드_57,유가보조금 받고!&lt GS칼텍스 주유 할인까지!
카드_58,유가보조금 + 정유3사 주유할인을&lt 카드의정석 화물복지카드 한장으로!!
카드_59,전월실적 조건 없이 S-OIL 화물차우대주유소에서 주유 시 리터당 최대 50원 현장할인 제공
카드_60,전월실적 조건 없이 SK 내트럭플러스에서 주유 시 리터당 최대 50원 할인
카드_61,S-OIL 주유소 리터당 120~400원 할인 서비스에 다양한 생활 &lt/ 혜택까지 누리자!
카드_62,"LPG 화물차 유가보조금 지원, E1 충전소 결제금액 1천원당 오렌지포인트 최대 30P 적립, 다양한 생활서비스 제공"
카드_63,SK주유소 리터당 120~400원 할인에&lt / 다양한 생활 혜택까지 누리자!
카드_64,Auto 금융 할인 및 자동차 특화서비스에 다양한 생활 할인 혜택까지
카드_65,자동차 연비를 높이는 새로운 답을 제시하다!
카드_66,"에코라서 가능한 혜택, 에코로 쌓는 더 많은 포인트"
카드_67,건설기계 사업자의 성공 인프라!!
카드_68,할인혜택으로 레저의 즐거움이&lt/더욱 커진다!
카드_69,LG U+ 통신요금 할인!
카드_70,너겟 통신요금 할인!
카드_71,SKT 통신요금 할인!
카드_72,KT 통신요금 할인!
카드_73,KT 통신요금 할인!
카드_74,LG U+ 통신요금 할인!
카드_75,U+알뜰폰 통신요금 할인 혜택!
카드_76,KT 알뜰폰 통신요금 할인!
카드_77,통신요금 할인에 다양한 할인 혜택까지!
카드_78,"유가보조금 + 정유3사 주유할인, &lt우리 썸화물복지카드 단 한장으로!"
카드_79,"국방 가족을 위한 특별한 혜택을 담은 카드!&lt /군복지시설, 생활밀착형 할인 등 다양한 할인을 누리세요!"
카드_80,"군인연금수급자임을 증명하는 신분증 기능에 전국 군복지시설 및 5대 대표업종 청구할인, 버스요금 지원서비스"
카드_81,국민연금수급자임을 증명하는 신분증 기능에 버스요금 매달 최대 5천원 지원과 다양한 카드 혜택 제공
카드_82,환경부 에코 프로젝트~ 그린을 꺼내세요!!
카드_83,환경부 에코 프로젝트~ 그린을 꺼내세요!!
카드_84,전국 어디서나 대중교통 10% 할인
카드_85,패밀리니까! 더 받는다! 생활에 필요한 다양한 실속 할인혜택
카드_86,패밀리니까! 더 받는다! 생활에 필요한 다양한 실속 할인혜택
카드_87,국기원 단증에 카드를 결합한 태권도인 특화 상품
카드_88,세례명카드 만들고 자동기부도 하고 다양한 혜택도 누리면서 적립된 포인트는 교구에 기부됩니다.
카드_89,"적립된 상환용 적립 포인트를 자녀의 학자금 대출 원리금 상환에 활용하며, 기타 다양한 혜택을 누리세요~"
카드_90,"우리은행 주거래고객님을 위한 특별한 혜택! &lt /국내 모든 가맹점에서 0.5~1.5% 적립,&lt/6개월마다 15,000점 보너스 적립!"
카드_91,"우리은행 주거래고객님을 위한 특별한 혜택! &lt /국내 모든 가맹점에서 0.5~1.5% 적립,&lt/6개월마다 15,000점 보너스 적립!"
카드_92,카드 한 장으로 신용카드 혜택과 &lt/한화그룹 계열사 서비스를 한번에 해결하자!
카드_93,카드 한 장으로 신용카드 혜택과 &lt/한화그룹 계열사 서비스를 한번에 해결하자!
카드_94,회사에 반했다! kt 그룹이 좋아졌다!
카드_95,"모든 백화점, 대형마트, 병원, 서점에서 우리V카드만 있으면 365일 할인!"
카드_96,"woori 할인서비스, 패밀리레스토랑 할인"
카드_97,"항공 마일리지 적립서비스, 주유, 놀이공원 할인"
카드_98,한국플랫폼 프리랜서 노동공제회 제휴 체크카드
카드_99,우리카드와 L.POINT가 만나다!
카드_100,프리미엄의 혜택을 체크카드에 그대로!
카드_101,한국장애인고용공단 제휴카드
카드_102,쿠키처럼 달콤한 혜택이 쏟아진다!
카드_103,쿠키처럼 달콤한 혜택이 쏟아진다!
카드_104,사용할 때 마다 커지는 적립혜택!
카드_105,우리카드×광복회
카드_106,"UniMile 하나로 6대 항공사 모두 OK!, 카드의 정석 UniMile CHECK"
카드_107,적립 포인트로 학자금 대출 원리금 상환에 활용도하고 다양한 혜택을 누리세요~
카드_108,에너지도 Eco하고 카드사용도 Eco하는 에코마일리지우리체크카드!!
카드_109,"출근은 편하게, 교통비는 가볍게! &lt 마일리지로 더 알뜰하게~"
카드_110,아파트 관리비 혜택을 담다!
카드_111,외국인 고객을 위한 맞춤형 혜택!
카드_112,"CJ ONE 멤버십 혜택은 기본, 프리미엄의 혜택을 체크카드에 그대로!"
카드_113,학생증 한장으로 다양한 캐시백과 멀티 멤버십 혜택까지!
카드_114,편의점 커피 학원 할인과 함께 신나는 대학생활!
카드_115,현대백화점ㆍ현대아울렛ㆍ진에어 할인부터 각종 생활할인 혜택까지!
카드_116,해외 이용 수수료 면제 및 이용금액 1~2% 캐시백
카드_117,"[가득한 체크] 협약된 교구, 성당, 세례명 등이 인자된 나만의 성당체크카드를 발급받아 가득한 혜택을 누리세요"
카드_118,군인연금수급자임을 증명하는 신분증 기능에 버스요금 지원서비스 및 다양한 생활밀착형 서비스 제공
카드_119,카드 한 장으로 체크카드 혜택과 &lt/한화그룹 계열사 서비스를 한번에 해결하자!
카드_120,국민연금수급자임을 증명하는 신분증 기능에 버스요금 매달 최대 5천원과 다양한 카드 혜택 제공
카드_121,"GS25할인 5%, T머니 10% 할인 서비스"
카드_122,"GS25에서 5% 할인 , T머니 10% 할인"
카드_123,"스타벅스, 커피빈 20%, GS25할인 5%, T-money 충전시 10% 할인"
카드_124,이젠 유가보조금도 우리카드!
카드_125,2자녀 이상을 둔 가정에게 드리는&lt최대 특혜를 누리세요~!
카드_126,"국내에서는 원화로, 해외에서는 외화로 바로 출금!"
카드_127,해외에서 현금이 필요할때? 난 저렴하게 찾는다! 해외ATM 이용 특화 카드!
카드_128,Special Benefits~ Enjoy 우리V외국인체크카드! 외국인을 위한 실용적인 서비스가 가득
카드_129,해외에서도 국내에서도 국제학생증 체크카드
카드_130,
카드_131,
카드_132,
카드_133,
카드_134,
카드_135,
카드_136,
카드_137,
카드_138,
카드_139,
카드_140,
카드_141,
카드_142,
카드_143,
카드_144,
카드_145,
카드_146,
카드_147,
카드_148,
카드_149,
카드_150,
카드_151,
카드_152,
카드_153,
카드_154,
카드_155,
카드_156,
카드_157,
카드_158,
카드_159,
카드_160,
카드_161,
카드_162,
카드_163,
카드_164,
카드_165,
카드_166,
카드_167,
카드_168,
카드_169,
카드_170,
카드_171,Color your Spring
카드_172,도토리들을 위해 준비했어
카드_173,Global citizen in the universe
카드_174,전가맹점 혜택은 기본! 내 취향 가득 담은 나만의 플레이리스트
카드_175,전가맹점 혜택은 기본! 내 취향 가득 담은 나만의 플레이리스트
카드_176,반복되는 일상부터 나를 위한 소비까지! 데이터로 찾은 내 소비의 핏
카드_177,만 12세 이상 미성년 가족 신용카드
카드_178,EVerywhere we drive
카드_179,이츠 모아 태산! 먹을수록(Eats) 혜택을 더 모아(More)
카드_180,이츠 모아 태산! 먹을수록(Eats) 혜택을 더 모아(More)
카드_181,This card will make you smile
카드_182,Catch me in the moment!
카드_183,Smart한 구독 Life!
카드_184,나의 슬기로운 Pay 생활!
카드_185,"알뜰폰 요금, 더 알뜰히 모으자!"
카드_186,All Things for Fans
카드_187,속 깊은 주유혜택
카드_188,수소차 충전요금 10% 할인
카드_189,"탈 수록 즐겁고, 탈 수록 득이 되는"
카드_190,1.5배 높은 적립! 해외는 더블 적립!
카드_191,어떤 차를 구매하든 MY CAR는 신한카드 MY CAR로~
카드_192,정부에서 지원하는 국가바우처를 한장의 카드로 이용하세요!
카드_193,개인사업자를 위한 IKEA 할인 카드!
카드_194,"신나는 나의 Home Life, YaY(예~이!)"
카드_195,만 12세 이상 미성년 가족 신용카드
카드_196,모든 주유소 포인트 적립에 생활 맞춤 혜택까지!
카드_197,1천원당 대한항공 1마일 적립 항공/면세/해외 2배 적립!
카드_198,"제주혜택 한데 모아, 모두 모아"
카드_199,너도 살고 나도 사는 우리동네 배달앱 땡겨요
카드_200,속 깊은 디지털 라이프
카드_201,속 깊은 혜택을 더한!
카드_202,생활쇼핑 가맹점 최대 15% 할인!
카드_203,내가 직접 선택하는 나만의 카드
카드_204,자동으로 챙겨주는 나만의 카드
카드_205,간편결제(Pay) 서비스는 Deep On!
카드_206,한번으로 누려라!
카드_207,한번으로 누려라!
카드_208,할인율을 내 마음대로!
카드_209,매일매일 가는 길마다 신한카드 교통 Big 할인!
카드_210,Essential For Every Lifestyle
카드_211,잘 가는 곳 1~5% 적립 어디서나 0.2~2% 적립
카드_212,전월 실적 없이 0.7% 캐시백!
카드_213,언제 어디서나 특별한 쇼핑의 순간!
카드_214,생활비 혜택을 가득 담은 서민금융지원카드
카드_215,부모마음을 잘 아는 카드!
카드_216,나의 금융파트너! 신한 주거래 패키지로 더 많은 혜택을!
카드_217,"항공 마일리지에 포인트, 프리미엄 서비스까지!"
카드_218,맹모카드지교! 우리아이 레슨 받는 곳이라면 어디든지
카드_219,전월 실적 없이 1% 캐시백!
카드_220,"선택 서비스 10개 중 5개, 5% 할인"
카드_221,"할인, 적립에 플래티늄 서비스까지!"
카드_222,Shine카드의 빛나는 혜택
카드_223,"부담없는 연회비로, 교체없이 10년동안 쭈욱!"
카드_224,"부담없는 연회비로, 교체없이 10년동안 쭈욱!"
카드_225,속 깊은 주유혜택
카드_226,한장의 카드로 6대 홈쇼핑 6% 할인!
카드_227,"주는 행복, 받는 기쁨! 아름다운 당신의 아름다운 카드"
카드_228,보육료 지원금 결제와 할인서비스 혜택까지!!
카드_229,550만 오너를 위한 맞춤혜택 제공!
카드_230,최대 2% LPG 충전 혜택과 생활 할인을 동시에!
카드_231,속 깊은 당신을 위한 경차사랑 Life
카드_232,"세무지원, 사업경비 포인트 적립 혜택까지!!"
카드_233,전기차 LIFE를 누려보세요. 전기차 충전요금 30~50% 할인!
카드_234,"세무지원, 사업경비 포인트 적립 혜택까지!!"
카드_235,매일매일 가는 길마다 신한카드 교통 Big 할인!
카드_236,사업자를 위한 부가세 서비스!
카드_237,주택임대료 할인과 생활 할인 중 선택하여 발급받으세요!
카드_238,국세청 임직원 복지 증진을 위한 복지카드
카드_239,국세청 임직원 복지 증진을 위한 복지카드
카드_240,복지포인트도 생활비 할인도 하나의 카드로!
카드_241,복지포인트도 적립혜택도 하나의 카드로!
카드_242,LPG 할인 + 무임교통카드 + 고속도로 통행료 감면 서비스 제공
카드_243,LPG 할인 + 무임교통카드 + 고속도로 통행료 감면 서비스 제공
카드_244,Shopping에 교원증을 더하다
카드_245,Registered Nurse CARD
카드_246,"앞서가는 여성의 필수품, Lady카드!"
카드_247,더 이상의 카드는 없다. 신개념의 주유 서비스를 경험해 보세요!
카드_248,가볍고 편해지는 발걸음! 대중교통 요금 10%할인
카드_249,현장에서 바로 받는 주유 할인 혜택!
카드_250,화물운전자복지 카드로 빠르고 편리하게 유가보조금 지원 받으세요 !
카드_251,SK에너지 2MORE 화물복지카드로 빠르고 편리하게 유가보조금 지원 받으세요 !
카드_252,알뜰주유소 화물복지카드로 빠르고 편리하게 유가보조금 지원 받으세요 !
카드_253,HD현대오일뱅크 2UP 화물복지카드로 빠르고 편리하게 유가보조금 지원 받으세요 !
카드_254,S-OIL 2UP 화물복지카드로 빠르고 편리하게 유가보조금 지원 받으세요 !
카드_255,"사업경비 결제하고 포인트도 쌓고! 주유, 병원/약국, 대중교통 할인까지!"
카드_256,편리한 유가보조금 지원과 강화된 포인트 적립 혜택까지!
카드_257,S.Sing 씽 화물복지카드로 빠르고 편리하게 유가보조금 지원 받으세요 !
카드_258,내 사업의 비용절감을 위한 완벽한 카드!
카드_259,교직원공제회원의 알뜰소비생활 필수카드!
카드_260,"한수원 복지포인트 이용에 할인, 포인트 적립까지!"
카드_261,화물 유가보조금+주유할인 서비스까지!
카드_262,부산시의 다자녀가정 지원 가족사랑 카드
카드_263,
카드_264,iPhone for Life
카드_265,Time For us to Shine
카드_266,SPOTV NOW를 즐기는 방법!
카드_267,CJ ONE 포인트 매니아를 위한 특권!
카드_268,알파포인트로 누리는 새로운 투자경험!
카드_269,KT 휴대폰 할부에 통신요금 할인까지!
카드_270,신세계사이먼 프리미엄 아울렛 최대 10% 결제일 할인
카드_271,신세계사이먼 프리미엄 아울렛 최대 10% 결제일 할인
카드_272,Kakaopay Pick
카드_273,건프라와 피규어를 마음껏!
카드_274,"보험료 할인과 함께 의료, 헬스, 생활편의 할인 서비스를 한번에"
카드_275,LG트윈스 홈경기 응원하러 야구장 갈땐~ 필수템!
카드_276,T 멤버십 고객의 필수템!
카드_277,아이와 엄마를 위한 현명한 선택
카드_278,프레딧 멤버십을 위한 완벽한 혜택!
카드_279,"30% 할인, 사이즈업 쿠폰에 대중교통 생활혜택까지!"
카드_280,제주신화월드 객실 최대 15% 할인
카드_281,쓸 때마다 쌓이는 GS&POINT!
카드_282,"모두의 구독 유니버스, T우주"
카드_283,스마트하게 IKEA를 즐기는 방법!
카드_284,오아시스 새벽배송 15% 할인!
카드_285,뷰티포인트 적립 혜택을 누리세요
카드_286,맛있는 생활의 필수 혜택 카드
카드_287,간편 결제의 새로운 기준 L.PAY!
카드_288,"LG헬로비전 요금 (케이블방송, 인터넷, 알뜰폰-헬로모바일 등) 할인"
카드_289,실적조건과 적립한도에 제한이 없는 네이버페이 포인트 특화카드
카드_290,맞춤형 복지포인트 사용 및 iMND Light의 산뜻한 혜택을 누리세요
카드_291,최대 60개월 장기 할부와 매월 최대 1만 5천원 캐시백 혜택까지
카드_292,"새로운 모빌리티, 더 커진 금융 혜택!"
카드_293,홈플러스 포인트 1.2%적립(점외 이용시 0.5%적립)
카드_294,쉽고 편한 모바일 쇼핑 세상 편한 11PAY 결제!
카드_295,"신세계백화점 멤버십 혜택, 신세계백화점 5% 할인!"
카드_296,신세계백화점 멤버십 혜택 항공마일리지 기본/추가 적립
카드_297,신세계백화점 최대 7% 결제일 할인
카드_298,신세계사이먼 프리미엄 아울렛 최대 10% 결제일 할인
카드_299,"신세계백화점 멤버십 혜택, 신세계백화점 5% 할인"
카드_300,스마트 가격! 맛있는 더본 브랜드는 신한카드와 함께!
카드_301,모바일 Tmoney App 이용 시 20%할인
카드_302,전가맹점 최대 0.6% 적립 및 전구단 야구할인
카드_303,월 최대 1만 5천원 통신요금 할인 및 다양한 제휴 혜택!
카드_304,SOCAR 결제 시 30% 할인
카드_305,전자책 서점 리디북스 20% 할인!
카드_306,LG전자 가전제품 알뜰하게 구매하자!
카드_307,전월실적 조건 없이 어디서든 적립되는 온라인 쇼핑
카드_308,"전월실적, 적립한도 없는 네이버페이 포인트적립혜택을 누려보세요"
카드_309,"다이소 30%, 생활 10%, 영화 20% 할인"
카드_310,메가마트 포인트 1.5% 적립(점외 이용 시 0.5% 적립)
카드_311,레일리지 쌓고 SRT 이용시 혜택 받으세요!
카드_312,"차곡차곡 항공 포인트 쌓고, 내맘대로 쉽게 꺼내 쓰자!"
카드_313,속 깊은 주유혜택
카드_314,멋을 아는 남성의 선택!
카드_315,안심에 할인을 더하다!
카드_316,LF SQUARE 매장 할인카드
카드_317,"LG U+ 통신요금(전화, 인터넷, TV 등) 할인"
카드_318,"Gold할부 이용하고, 통신요금 할인 받으세요"
카드_319,월 최대 4만 2천원 통신요금 할인
카드_320,U+ 통신요금에 할인을 Plus!
카드_321,KT 통신요금에 할인을 Plus!
카드_322,라이트할부로 통신요금도 라이트하게!
카드_323,이제 홈플러스에서 최대 7% 적립 받으세요!
카드_324,탑보너스포인트 최대 2.5% 적립(점외 이용 시 0.5% 적립)
카드_325,탑보너스포인트 최대 2.0% 적립(점외 이용 시 0.5% 적립)
카드_326,LG베스트샵 장기할부카드로 가전제품 알뜰하게 구입하세요!
카드_327,귀여운 라이언 대박 예감
카드_328,귀여운 춘식이 대박 예감
카드_329,너! 내 동료가 돼라!
카드_330,이 세상에 고칠 수 없는 병은 없으니깐!
카드_331,맹구가 카드 안에 들어왔다!
카드_332,오수가 카드 안에 들어왔다!
카드_333,오밀조밀 깨댕이가 카드에 들어왔다!
카드_334,안녕 내이름은 눙눙이야
카드_335,너만의 포켓몬을 Pick 해!
카드_336,너만의 포켓몬을 Pick 해!
카드_337,여행 갈때도 월리를 찾아라!
카드_338,미니언즈가 시원하게 적립해드립니다!
카드_339,도토리들을 위해 준비했어
카드_340,E들은 이 카드를 픽하지!
카드_341,혜택도 내성적일 거란 편견은 버려~
카드_342,카드에 박힌 나.. 쫌 귀여울수도?
카드_343,끝이 없는 할인 구독 서비스
카드_344,국내/해외 판타스틱한 혜택에 신한플레이 캐시백까지!
카드_345,카드는 원래 꺾이지 않는 거 알지?
카드_346,무적 LG! 끝까지 TWINS! 직관 할인과 실생활 혜택까지
카드_347,내 얼굴이 담긴 카드를 가지고 싶지 않니?
카드_348,전 가맹점에서 적립되는 GS&POINT!
카드_349,Color your Spring
카드_350,전가맹점 혜택은 기본! 내 취향 가득 담은 나만의 플레이리스트
카드_351,전가맹점 혜택은 기본! 내 취향 가득 담은 나만의 플레이리스트
카드_352,간편결제와 생활편의 영역까지!
카드_353,간편결제와 생활편의 영역까지!
카드_354,대중교통과 생활편의 영역까지!
카드_355,대중교통과 생활편의 영역까지!
카드_356,너도 살고 나도 사는 우리동네 배달앱 땡겨요
카드_357,너도 살고 나도 사는 우리동네 배달앱 땡겨요
카드_358,"20% 캐시백, 사이즈업 쿠폰에 OTT 캐시백 혜택까지!"
카드_359,체크카드도 뷰티포인트 적립 혜택을!
카드_360,핀크머니 0.2% 적립(월 최대1만원)
카드_361,전월실적 조건없이 사용횟수별 최대 2만원 적립
카드_362,간편 결제의 새로운 기준 L.PAY!
카드_363,유가보조금 지원과 포인트 적립 혜택까지!
카드_364,정부에서 지원하는 국가바우처를 한장의 카드로 이용하세요!
카드_365,"쓸수록 쌓이는 포인트, 신한 플러스 멤버십 체크카드로 더 많은 혜택을!"
카드_366,카드 덕후가 연구 했어요. 버릴 혜택이 없는 체크카드!
카드_367,Global+ 서비스에 신한투자증권 우대서비스까지~!
카드_368,대한항공 마일리지 적립 체크카드
카드_369,아시아나항공 마일리지 적립 체크카드
카드_370,해외 특화 카드
카드_371,"어디서나 0.2% 적립, 선택한 곳에서 5배 적립!"
카드_372,"어디서나 0.2% 적립, 선택한 곳에서 5배 적립!"
카드_373,부모와 자녀를 위한 스마트한 용돈관리 시작
카드_374,고속도로요금 결제를 편리하게!
카드_375,국내/해외 판타스틱한 혜택에 신한플레이 캐시백까지!
카드_376,속 깊은 디지털 라이프!
카드_377,나의 금융파트너! 신한 주거래 패키지로 더 많은 혜택을!
카드_378,고속도로요금 결제를 편리하게!
카드_379,미니언즈가 다 드림!
카드_380,할인+적립+신한금융 서비스까지 한 번에!
카드_381,카카오페이로 간편하게 결제하고 혜택까지 플러스
카드_382,할인+적립+신한금융 서비스까지 한 번에!
카드_383,할인+적립+신한금융 서비스까지 한 번에!
카드_384,"복잡한 혜택의 서비스는 그만! 대중교통,커피,쇼핑 중 내가 원하는 하나의 서비스에 ALL-in"
카드_385,할인+적립+신한금융 서비스까지 한 번에!
카드_386,홈플러스 포인트 0.6%적립(점외 이용시 0.1%적립)
카드_387,"보육비는 물론, 부모님에게 힘이 되는 혜택까지"
카드_388,신세계백화점의 혜택을 다 모은 맞춤형 체크카드
카드_389,스마트한 가격! 맛잇는 더본 브랜드는 신한카드와 함께!
카드_390,전기차 LIFE를 누려보세요. 전기차 충전요금 30% 할인!
카드_391,"쉽고 편한 모바일 쇼핑, 세상 편한 11PAY 결제!"
카드_392,한국야쿠르트와 GS리테일의 특별한 혜택!
카드_393,전월실적 조건 없이 어디서든 적립되는 온라인 쇼핑
카드_394,SOCAR 결제시 10% 할인
카드_395,Love 서비스와 전월 실적에 따른 CMA계좌 추가 금리 제공
카드_396,주유 추가할인 혜택을 더한 경차만의 특권
카드_397,요기요 구매금액 15% 할인 커피/편의점 할인까지
카드_398,이제 오프라인에서도 네이버페이로~
카드_399,해외 직구는 물론 모든 해외 쇼핑을 위한 똑똑한 카드!
카드_400,전가맹점 최대 0.2% 적립 및 전구단 야구할인
카드_401,CJ ONE 멤버십 기능에 신한 체크카드만의 특별한 혜택까지!
카드_402,"다이소 20%, 생활 10%, 영화 20% 캐시백"
카드_403,쿠팡 이용금액 3% 적립에 스타벅스 이용금액 캐시백까지!
카드_404,전자책 서점 리디북스 10% 캐시백
카드_405,속 깊은 디지털 라이프!
카드_406,속 깊은 디지털 라이프!
카드_407,꿈을 키우는 카드!
카드_408,"해외에서는 달러(USD)로, 국내에서는 원화로 Change!"
카드_409,난치병 아이들의 꿈을 이뤄주는 기부카드
카드_410,국내/해외 판타스틱한 혜택에 FAN페이 캐시백까지!
카드_411,속 깊은 디지털 라이프!
카드_412,"KT 통신요금 5천원, GS25 5%, CGV 10% 캐시백"
카드_413,화물운전자복지 체크카드로 빠르고 편리하게 유가보조금 지원 받으세요 !
카드_414,LPG 할인 + 무임교통카드 + 고속도로 통행료 감면 서비스 제공
카드_415,LPG 할인 + 무임교통카드 + 고속도로 통행료 감면 서비스 제공
카드_416,S.Sing 씽 화물복지 체크카드로 빠르고 편리하게 유가보조금 지원 받으세요!
카드_417,알뜰주유소 화물복지 체크카드로 빠르고 편리하게 유가보조금 지원 받으세요 !
카드_418,가볍고 편해지는 발걸음~ 대중교통 요금 10% 할인
카드_419,메가마트 포인트 0.7% 적립(점외 이용 시 0.1% 적립)
카드_420,스포츠 강좌 이용을 위한 지원금 카드
카드_421,
카드_422,청소년도 후불교통으로 대중교통을 스마트하고 편리하게 이용하세요!
카드_423,"대중교통, 커피, 쇼핑 중 내가 원하는 하나의 서비스에 ALL-in"
카드_424,성남시민을 위한 성남사랑상품권 연동 카드
카드_425,탑보너스포인트 최대 1.2% 적립(점외 이용 시 0.1% 적립)
카드_426,"복잡한 혜택의 서비스는 그만! 대중교통, 커피, 쇼핑 중 내가 원하는 하나의 서비스에 All-in!"
카드_427,부산시의 다자녀가정 지원 가족사랑 체크카드
카드_428,교원증과 On 체크의 만남
카드_429,삼성증권을 이용하시는 고객님의 혜택!!
카드_430,ID카드와 Hey-Young 체크를 한 장에
카드_431,ID카드와 Hey-Young 체크를 한 장에
카드_432,롯데마트&MAXX 최대 10% 할인
카드_433,결제 방식도 내 취향에 맞게 나를 위한 스마트 라이프
카드_434,카드 하나로 누리는 디지털 쇼핑 라이프
카드_435,모든 가맹점 1.2% 할인
카드_436,부산/울산/경남 지역 특화 할인
카드_437,"음식점, 배달앱, 커피 60% 할인"
카드_438,롯데계열사 7% 롤라머니 적립 카드
카드_439,"주유, 영화, 스트리밍 60% 할인"
카드_440,온·오프라인 쇼핑 10% 풍성한 할인
카드_441,국내외 가맹점 1.2%~2.0% 결제일 할인
카드_442,실적 조건없이 온·오프라인 전 가맹점 캐시백
카드_443,"모든 가맹점 최대 1%, 라이프 가맹점 최대 50% 캐시백"
카드_444,국내외 가맹점 1.2%~2.0% 결제일 할인
카드_445,카카오페이지 이용 시 5% 캐시백
카드_446,L.POINT 적립 0.5%~3% 적립
카드_447,웰릭스 렌탈 이용 시 결제일 할인 또는 캐시백!
카드_448,지난달 실적 30만원 이상 시 1.0% ~ 1.5% 적립율
카드_449,월 최대 30만 교보문고 통합포인트 적립
카드_450,롯데체크카드
카드_451,롯데포인트 플러스 체크카드
카드_452,아이러브부산
카드_453,사업자를 위한 할인 카드
카드_454,롯데슈퍼에서 최고 10% 캐쉬백
카드_455,롯데체크카드VISA
카드_456,계좌 잔고가 부족해도 30만원의 신용한도 제공
카드_457,평일 이용실적이 높을수록 커지는 주말 캐시백 혜택
카드_458,평일 이용실적이 높을수록 커지는 주말 캐시백 혜택
카드_459,세븐일레븐 할인 서비스
카드_460,계획적인 내 차 마련의 베스트 솔루션
카드_461,SKYPASS롯데 플래티넘 체크카드
카드_462,SK주유소에서 리터당 40원 할인
카드_463,한번 해병은 영원한 해병
카드_464,한번 해병은 영원한 해병!
카드_465,월 최대 5천원 영화관람권 할인!
카드_466,롯데홈쇼핑 쇼퍼홀릭 마니아들을 위한 쇼핑의 필수 아이템! 포인트적립과 할인쿠폰이 동시에!
카드_467,AIA생명 보험료 결제시 월 3천원~5천원 할인!
카드_468,인피니트 카드
카드_469,리더만의 자부심
카드_470,리더만의 자부심
카드_471,리더만의 자부심
카드_472,리더만의 자부심
카드_473,"스카이패스 마일리지 적립, 스페셜기프트 제공"
카드_474,"아시아나클럽 마일리지 적립, 스페셜기프트 제공"
카드_475,"1% L.POINT 적립, 스페셜기프트 제공"
카드_476,"스카이패스 마일리지 적립, 스페셜기프트 제공"
카드_477,"아시아나클럽 마일리지 적립, 스페셜기프트 제공"
카드_478,"1.5~3% L.POINT 적립, 스페셜기프트 제공"
카드_479,프리미엄의 정상을 향한 또 하나의 특권
카드_480,프리미엄의 정상을 향한 또 하나의 특권
카드_481,프리미엄의 정상을 향한 또 하나의 특권
카드_482,SKYPASS 롯데 플래티넘 카드
카드_483,아시아나클럽 롯데 플래티넘 카드
카드_484,롯데 플래티넘 카드
카드_485,전기차/수소차 충전 최대 40% 에코머니 포인트 적립
카드_486,I-어디로든 그린카드로 에코머니 포인트 적립하세요
카드_487,페이북 머니 국내 최대 1.5% 매일 적립
카드_488,친환경 자동차 충전 최대 40% 적립
카드_489,1천원당 1.3 아시아나클럽 마일리지
카드_490,"kt 통신요금 월 최대 13,000원 할인"
카드_491,온라인/간편결제/음식점/커피 10% 할인
카드_492,"실적조건NO, 적립한도제한NO! 대한항공 마일리지 적립!"
카드_493,고속도로 통행료 결제
카드_494,고속도로 통행료 결제
카드_495,대중교통 할인
카드_496,대중교통 15% 결제일 할인
카드_497,동물병원 / 반려동물업종 할인
카드_498,TOP포인트 1~2% 적립
카드_499,대한항공(Skypass) 마일리지 적립
카드_500,SK주유소/충전소 최대120원 할인
카드_501,국내 가맹점 0.7% 할인
카드_502,1천원당 1 스카이패스 마일리지
카드_503,"주유, 백화점, 대형할인점, 학원 업종 할인"
카드_504,국내 가맹점이용금액의 0.5% 캐시백
카드_505,"할인점, 백화점, 병원, 약국, 학원업종 할인"
카드_506,컬리 5% 적립
카드_507,"SK주유소/충전소 할인 서비스, 생활 할인 서비스"
카드_508,국내외 가맹점 0.5% 할인
카드_509,즐겨 쓰는 5개 영역 할인 혜택
카드_510,"kt 통신요금 월 최대 25,000원 할인"
카드_511,"kt 통신요금 월 최대 18,000원 할인"
카드_512,신세계백화점 5% 할인
카드_513,신세계백화점 7% 할인
카드_514,신세계백화점 7% 할인
카드_515,신세계백화점 1천원당 1.4마일 적립
카드_516,신세계백화점 5% 적립
카드_517,"쇼핑, 엔터테인먼트, 골프, 생활 5%~30% 특별적립"
카드_518,전 가맹점 0.7% 기본 할인 및 특별 카테고리 6.3% 추가 할인
카드_519,"점심 식사, 배달앱, 대중교통 7% 할인"
카드_520,로스트아크 로열 크리스탈 충전 시 10% 할인
카드_521,"쿠팡, G마켓, 옥션 7% 할인"
카드_522,"주요 始發(시발)비용 사용처 매출금액별 180/1,800원 차등 청구할인"
카드_523,언택트 전용 할인 혜택
카드_524,실적조건/할인한도 없이 최대 1.5% 할인
카드_525,국내 가맹점 0.8% 에코머니 적립
카드_526,커피전문점 20%할인
카드_527,
카드_528,6대 생활영역 이용금액 1% 기본캐시백
카드_529,"국내 0.8%, 해외 1.6% Air Money적립"
카드_530,국내외 가맹점 결제 시 360리워드포인트 적립
카드_531,유니마일(UniMile)적립 및 수하물 서비스
카드_532,해외 모든 가맹점 2% 토스 포인트 적립
카드_533,해외 모든 가맹점 2% 토스 포인트 적립
카드_534,온라인/오프라인 쇼핑 5% 청구할인
카드_535,국내/해외 이용시 0.5~1.5% TOP 포인트 적립
카드_536,페이 결제 시 5% 할인
카드_537,전 주유소(LPG포함) 리터당 60원 청구할인
카드_538,"편의점,제과/음식점,커피/배달앱 5% 할인"
카드_539,"카카오 T 건당 2,000원 할인"
카드_540,코웨이 렌탈료 자동이체 할인 서비스
카드_541,주요 롯데쇼핑 계열 L.POINT 3% 적립
카드_542,온라인쇼핑 5천원 청구할인
카드_543,KT라이트할부 및 통신요금 할인 서비스
카드_544,국내 및 해외 가맹점 7% 할인
카드_545,대한항공/아시아나 마일리지 적립
카드_546,국내 가맹점 최대 0.6% 할인
카드_547,국내 가맹점 이용금액 0.3~0.6% 할인
카드_548,아모레퍼시픽 10% 청구할인
카드_549,아파트 관리비 최대 1만원 할인
카드_550,하이브리드 서비스(체크+신용 결제서비스)
카드_551,아파트 관리비 10% 할인
카드_552,다이소 이용금액30% 할인
카드_553,해외 사용 수수료 할인 0.25%
카드_554,해외 사용 수수료 0.25% 할인
카드_555,기프트 바우처 제공
카드_556,기프트 바우처 3종 중 1개 무료 제공
카드_557,아파트 관리비 최대 1만원 할인
카드_558,국내 외 가맹점 0.8% 할인
카드_559,아파트 관리비 10% 청구 할인
카드_560,항공 마일리지 1~3마일리지 적립
카드_561,항공 마일리지 1~3마일리지 적립
카드_562,정액캐시백 지급
카드_563,전 주유소 리터당 60원 할인
카드_564,국내 전가맹점 최대 1% 에코머니 포인트 적립
카드_565,국내 전가맹점 최대 1% 에코머니 포인트 적립
카드_566,국내 전 가맹점 0.2~1.0% 에코머니 포인트적립
카드_567,"버스, 지하철 10%~20% 에코머니 포인트 적립"
카드_568,"전월 실적 조건 / 적립 한도 제한 없이, 국내 전 가맹점에서 GS＆POINT 적립"
카드_569,"대형마트 5,000원 할인"
카드_570,GS칼텍스 리터당 최대 150원 할인
카드_571,KT 통신요금 최대 1만5천원 할인
카드_572,KT 통신요금 최대 1만5천원 할인
카드_573,국내/특화 가맹점 월 최대 2만 하나머니 적립
카드_574,용인시 주요 놀이공원 50~60% 할인
카드_575,6대 홈쇼핑 6% 할인
카드_576,"이마트 쇼핑 시 5% 적립, 일반 가맹점 0.5% 적립"
카드_577,"KT통신요금 최대 15,000원 할인"
카드_578,"병/의원,조산원,산후조리원 업종 5% 할인"
카드_579,아시아나 마일리지 1000원당 1.5마일 또는 TOP포인트 1% 적립
카드_580,"병,의원/조산원/산후조리원 업종 5% 청구할인"
카드_581,국내외 모든 가맹점 최대 3.5% 청구할인
카드_582,"병/의원,조산원,산후조리원 업종 5% 할인"
카드_583,6대 홈쇼핑 이용액의 6% 할인
카드_584,"병,의원/조산원/산후조리원 업종 5% 할인"
카드_585,"병/의원, 조산원, 산후조리원 업종 5% 청구할인"
카드_586,"병/의원, 조산원, 산후조리원 업종 5% 할인"
카드_587,"병,의원/조산원/산후조리원 업종 5% 할인"
카드_588,통합 멤버십 서비스
카드_589,6대 홈쇼핑 이용액의 6% 할인
카드_590,모든 철도 이용 시 10% 청구 할인
카드_591,6대 홈쇼핑 6% 할인
카드_592,6대 홈쇼핑 6% 할인
카드_593,6대 홈쇼핑 6%할인
카드_594,수원 kt wiz파크 입장권 및 구단 야구용품 할인
카드_595,어린이집 및 유치원 학원 5% 할인
카드_596,TOP포인트 적립
카드_597,대한항공 마일리지적립
카드_598,"어린이집, 유치원 10% 청구할인"
카드_599,KT 통신요금 최대 1만 5천원 청구할인
카드_600,국내외 온/오프라인 쇼핑 최대 10%할인
카드_601,"11번가에서 인터넷 결제 시 11%, 모바일 결제 시 22% 적립"
카드_602,전 주유소 리터당 60원 할인
카드_603,반려동물 병원 20% 할인
카드_604,부산일보 구독료 최대 7천원 할인
카드_605,"온라인, 병원, 골프, 호텔, 해외이용 시 10만원 상당의 청구할인"
카드_606,TOP포인트 최대 1%적립
카드_607,국내외 모든 가맹점 이용 시 0.7% 적립
카드_608,BLISS.7 카드 이용금액에 대해서 항공마일리지적립
카드_609,BLISS.7 카드 이용금액에 대해서 TOP포인트 적립
카드_610,국내 가맹점 이용금액 0.2~0.8% 에코머니 적립
카드_611,국내 가맹점 최대 0.8% 에코머니 적립
카드_612,국내 전가맹점 최대 0.8% 에코머니 적립
카드_613,국내 가맹점 이용금액0.2~0.8% 에코머니 적립
카드_614,국내 전가맹점 최대 0.8% 에코머니 적립
카드_615,편의점 및 제과점 10% 할인
카드_616,"할인점,백화점,병의원,약국,학원업종 이용 시 5% 할인"
카드_617,"전국 할인점,백화점, 병.의원, 학원업종 등 5% 할인"
카드_618,부가세 환급 지원 서비스 지원
카드_619,국내 가맹점 최대 0.7% 할인
카드_620,전 주유소 리터당 60원 할인
카드_621,전 주유소 리터당 60원 할인
카드_622,평일 출퇴근 시간대 통행료 자동 20%/50% 할인
카드_623,영화 인터넷 예매 시 최대 4000원 할인
카드_624,GS칼텍스 리터당 60원 할인
카드_625,GS칼텍스 주유소 이용 시 리터당 40원 할인
카드_626,GS칼텍스 주유소 리터당 60~80원 적립
카드_627,교육(외국어/컴퓨터/예체능/유치원/기타) 10% 청구할인
카드_628,다이아몬드 등급 VIP 서비스
카드_629,다이아몬드 등급 VIP 서비스
카드_630,다이아몬드 등급 VIP 서비스
카드_631,TOP포인트 최대 0.3% 적립
카드_632,0.1% 독도지킴이 기금 제공
카드_633,인피니트 등급 VIP 서비스
카드_634,인피니트 등급 VIP 서비스
카드_635,인피니트 등급 VIP 서비스
카드_636,SK주유소 이용시 리터당 40포인트 적립
카드_637,1천원당 최대 2BC Mile 적립
카드_638,CarPlus 0.8% 포인트 적립
카드_639,백화점 최대 3개월 무이자 할부
카드_640,"마일리지 1,000원당 1마일 적립"
카드_641,통신요금 5% 할인
카드_642,"마일리지 1,500원당 1마일 적립"
카드_643,"여행, 레포츠업종 등 무이자 할부서비스"
카드_644,"백화점, 대형마트 최대 3개월 무이자 할부"
카드_645,"마일리지 1,000원당 1마일 적립"
카드_646,"마일리지 1,500원당 1마일 적립"
카드_647,SK 주유소 및 SK충전소 리터당 25원 할인
카드_648,대중교통 건당 100원 할인
카드_649,커피/점심/저녁 8% 페이북 머니 적립
카드_650,조건없이 쓸때마다 할인
카드_651,"No전월실적 No연회비, 매월 최대 1만원 적립"
카드_652,경기장 입장권 3천원 할인
카드_653,쇼핑/학원 5% Air Money 적립
카드_654,구독 서비스 20% 청구할인
카드_655,SK주유소 1% 할인
카드_656,"병원, 약국, 학원 5% 할인"
카드_657,적립 한도 없이 최대 0.6% 360리워드 포인트 적립
카드_658,"편의점, 푸드, 음료매장 결제 시 500원 할인"
카드_659,커피전문점 5%할인
카드_660,L.POINT 최대 2% 적립
카드_661,국내외 전 가맹점 이용금액의 0.2% 캐시백
카드_662,하나머니 적립 서비스
카드_663,넥슨캐시/세라 온라인 충전 15% 할인
카드_664,현대백화점/아울렛 5% 할인
카드_665,국내 이용금액 최대 0.4% 할인
카드_666,국내 이용금액 0.2~0.4% 캐시백
카드_667,다이소 이용금액 20% 할인
카드_668,대한항공 마일리지 적립
카드_669,"CGV, 롯데시네마, 메가박스 4천원 할인"
카드_670,대한항공 마일리지 적립 서비스
카드_671,대한항공 마일리지 적립 서비스
카드_672,대중교통(버스/지하철) 이용금액 5% 할인
카드_673,용인시 주요 놀이공원 50~60% 할인
카드_674,해외가맹점 이용금액의 1% 캐시백
카드_675,해외가맹점 이용금액의 1%캐시백
카드_676,군마트(PX) 10% 청구할인
카드_677,AK플라자 5% 즉시할인
카드_678,"신세계 가맹점 1~10% 적립, 일반 가맹점 0.2% 적립"
카드_679,"외식, 쇼핑, 카페, 교통,서점,병원/약국 10% 할인"
카드_680,"병/의원,조산원,산후조리원 업종 3% 할인"
카드_681,국내외 전 가맹점 0.2%~0.4% TOP포인트 적립
카드_682,"병,의원/조산원/산후조리원 업종 3% 할인(캐시백)"
카드_683,카카오페이 이용금액 15% 청구할인
카드_684,카카오페이 이용금액 15% 할인
카드_685,카카오페이 이용금액 15% 할인
카드_686,카카오페이 이용금액 15% 청구 할인
카드_687,카카오페이 이용금액 15% 청구 할인
카드_688,"병/의원,조산원,산후조리원 업종 3% 할인"
카드_689,"병,의원/조산원/산후조리원 업종 3% 할인"
카드_690,"병/의원, 조산원, 산후조리원 업종 3% 청구할인"
카드_691,"병/의원, 조산원, 산후조리원 업종 3% 할인"
카드_692,통합 멤버십 서비스
카드_693,6대 홈쇼핑 6%할인
카드_694,수원 kt wiz파크 입장권 및 구단 야구용품 할인
카드_695,어린이집 및 유치원 5% 할인
카드_696,"온라인쇼핑몰, 소셜커머스 3~5% 청구할인"
카드_697,해외 가맹점 이용금액의 1.5% 캐시백
카드_698,11번가 이용 시 11% 적립
카드_699,"블랙스미스, 아웃백 20% 할인"
카드_700,토익 응시료 10% 할인
카드_701,카드 이용액의 0.2%를 Oh! Point로 적립
카드_702,"병원, 약국 업종 가맹점 이용액의 10% 청구할인"
카드_703,"영화 인터넷 예매 시 1,500원 청구할인"
카드_704,"전국 백화점, 할인점, 학원 이용 시 5% 할인"
카드_705,편의점 10% 할인
카드_706,교통요금 건당100원 할인
카드_707,전국 영화관 현장 또는 인터넷 예매 4천원 할인
카드_708,전국 영화관 현장 또는 인터넷 예매 4천원 할인
카드_709,"블랙스미스, 아웃백 20% 할인"
카드_710,패밀리레스토랑 20% 할인
카드_711,"병원, 약국 업종 가맹점 이용액의 10% 청구할인"
카드_712,"영화 인터넷 예매 시 1,500원 청구할인"
카드_713,에코머니 가맹점 이용 시 1~5% 적립
카드_714,해피포인트 가맹점 20% 할인
카드_715,해피포인트 가맹점 20% 할인
카드_716,해피포인트 가맹점 20% 할인
카드_717,"CGV 영화관 1,500원 현장할인"
카드_718,전주유소 2% 할인
카드_719,전 주유소 1.2% 할인
카드_720,"패밀리 레스토랑 10%, 스타벅스 커피 20% 할인"
카드_721,TOP포인트 최대 0.3% 적립
카드_722,국내 이용액 0.1% TOP포인트 적립
카드_723,
카드_724,
카드_725,
카드_726,
카드_727,
카드_728,
카드_729,"‘세기말 풋사과 보습학원’, ‘화산귀환’ 디자인으로 발급된 카드는 분실/파손에 의한 카드 재발급 또는 카드 유효기한 연장 발급 시 카드사 및 제휴사의 사정으로 사전 안내 없이 ＇베이직＇ 디자인으로 발급될 수 있습니다."
카드_730,
카드_731,
카드_732,
카드_733,
카드_734,
카드_735,
카드_736,
카드_737,
카드_738,
카드_739,
카드_740,
카드_741,
카드_742,개인 및 개인사업자에 한해 발급 가능합니다.
카드_743,"만 12세~18세 청소년 전용 가족카드이며, 해당 카드는 홈페이지/앱을 통해서만 신청이 가능합니다."
카드_744,"해당 카드는 홈페이지/앱을 통해서만 신청이 가능하며, 모바일명세서를 기본으로 제공합니다."
카드_745,
카드_746,
카드_747,
카드_748,카드 신청은 네이버페이를 통해서만 가능합니다.
카드_749,"해당 카드는 홈페이지/앱을 통해서만 신청이 가능하며, 모바일명세서를 기본으로 제공합니다."
카드_750,
카드_751,사업에 힘이 되는 카드
카드_752,
카드_753,
카드_754,
카드_755,"해당 카드는 홈페이지/앱을 통해서만 신청이 가능하며, 모바일명세서를 기본으로 제공합니다."
카드_756,"해당 카드는 홈페이지/앱을 통해서만 신청이 가능하며, 모바일명세서를 기본으로 제공합니다."
카드_757,"해당 카드는 홈페이지/앱을 통해서만 신청이 가능하며, 모바일명세서를 기본으로 제공합니다."
카드_758,카드 신청은 PAYCO 앱을 통해서만 가능합니다.
카드_759,Toss taptap S는 모바일·이메일 명세서를 기본으로 제공합니다.
카드_760,TRADERS CLUB 회원만 신청가능합니다.
카드_761,
카드_762,
카드_763,
카드_764,
카드_765,
카드_766,
카드_767,
카드_768,
카드_769,
카드_770,
카드_771,"해당 카드는 삼성카드 홈페이지(PC, 모바일)·앱을 통해서만 신청 가능하며, 모바일·이메일 명세서를 기본으로 제공합니다."
카드_772,
카드_773,SK 장기 렌터카 이용에 현명한 선택!
카드_774,
카드_775,"해당 카드는 삼성카드 홈페이지(PC, 모바일)·앱을 통해서만 신청 가능하며, 모바일·이메일 명세서를 기본으로 제공합니다."
카드_776,
카드_777,
카드_778,
카드_779,
카드_780,
카드_781,
카드_782,* 서민금융진흥원 햇살론카드 보증약정 체결 대상에 한해 신청 가능하며 유효기간이 남은 삼성개인신용카드 보유 회원은 제외됩니다 (체크카드 소액신용기능 이용고객 및 하이패스카드 이용고객 포함)
카드_783,＇SK매직 삼성카드＇는 SK매직 상품 구매시 24·36개월 무이자 할부 혜택이 아닌 렌탈료 할인 혜택이 제공되는 카드입니다
카드_784,
카드_785,
카드_786,
카드_787,
카드_788,
카드_789,
카드_790,
카드_791,
카드_792,
카드_793,
카드_794,결제계좌 : SC제일은행
카드_795,결제계좌 : SC제일은행
카드_796,결제계좌 : SC제일은행
카드_797,결제계좌 : SC제일은행
카드_798,"현금 입출금 기능 : KB국민은행, 신한은행, 우리은행"
카드_799,"현금 입출금 기능 : KB국민은행, 신한은행, 우리은행"
카드_800,
카드_801,
카드_802,결제계좌 : KB국민은행
카드_803,
카드_804,
카드_805,
카드_806,결제계좌 : 새마을금고
카드_807,결제계좌 : 새마을금고
카드_808,
카드_809,
카드_810,
카드_811,Invitation Only
카드_812,Not Just Luxury
카드_813,My Hot Luxury
카드_814,My Hot Luxury
카드_815,My First Luxury
카드_816,My First Seduction
카드_817,어디서나 M포인트 적립받는 카드
카드_818,어디서나 M포인트 적립받는 카드
카드_819,어디서나 M포인트 적립받는 카드
카드_820,어디서나 할인받는 카드
카드_821,어디서나 할인받는 카드
카드_822,어디서나 할인받는 카드
카드_823,패밀리용 구간반복 할인카드
카드_824,출퇴근용 구간반복 할인카드
카드_825,방구석용 구간반복 할인카드
카드_826,실적·한도 제한 없는 카드
카드_827,실적·한도 제한 없는 카드
카드_828,기아멤버스·M포인트 적립받는 카드
카드_829,쏘카크레딧 적립받는 카드
카드_830,GENESIS OWNER ONLY
카드_831,블루멤버스 포인트 적립받는 카드
카드_832,연회비 부담은 줄이고 오직 마일리지에 집중한 카드
카드_833,야놀자·인터파크(투어/티켓)·트리플 NOL 포인트 적립받는 카드
카드_834,현대카드
카드_835,무신사 할인에 무신사 적립금 받는 카드
카드_836,신세계포인트 적립받는 카드
카드_837,스마일캐시 적립받는 카드
카드_838,코스트코 리워드 포인트 적립받는 카드
카드_839,신세계 유니버스 클럽 자동 가입에 SSG MONEY 적립받는 카드
카드_840,네이버플러스 멤버십 혜택에 네이버페이 포인트 적립받는 카드
카드_841,스탁마일리지 적립하고 주식으로 바꾸는 카드
카드_842,배민포인트 적립받는 카드
카드_843,스타벅스 별 적립받는 카드
카드_844,GS칼텍스에서 할인받는 카드
카드_845,넥슨 현대카드 포인트 적립
카드_846,KT 통신요금 자동이체 할인받는 카드
카드_847,SKT 라이트할부 할인받는 카드
카드_848,LG U+ 통신요금 자동이체 할인받는 카드
카드_849,통신 요금 자동이체 할인받는 카드
카드_850,coway 렌탈요금 자동납부 할인받는 카드
카드_851,LG전자 렌탈요금 자동납부 할인받는 카드
카드_852,인플루언서를 위한 카드
카드_853,쓸 때마다 H.point가 적립되는 카드
카드_854,쓸 때마다 YES포인트가 적립되는 카드
카드_855,하이마트 장기할부 이용 시 할인받는 카드
카드_856,CJ계열사 할인받고 M포인트까지 적립되는 카드
카드_857,쓸 때마다 LDF PAY가 적립되는 카드
카드_858,My Hot Luxury
카드_859,할인 한도 없는 생활지원 카드
카드_860,경차 주유 시 할인받는 카드
카드_861,화물차 유가보조금 환급 카드
카드_862,식당·카페 사장님을 위한 포인트카드
카드_863,도소매·서비스업 사장님을 위한 포인트카드
카드_864,온라인몰 사장님을 위한 포인트카드
카드_865,식당·카페 사장님을 위한 플래티넘 포인트카드
카드_866,도소매·서비스업 사장님을 위한 플래티넘 포인트카드
카드_867,온라인몰 사장님을 위한 플래티넘 포인트카드
카드_868,식당·카페 사장님을 위한 할인카드
카드_869,도소매·서비스업 사장님을 위한 할인카드
카드_870,온라인몰 사장님을 위한 할인카드
카드_871,식당·카페 사장님을 위한 플래티넘 할인카드
카드_872,도소매·서비스업 사장님을 위한 플래티넘 할인카드
카드_873,온라인몰 사장님을 위한 플래티넘 할인카드
카드_874,식당·카페 사장님을 위한 조건·한도 없는 카드
카드_875,도소매·서비스업 사장님을 위한 조건·한도 없는 카드
카드_876,온라인몰 사장님을 위한 조건·한도 없는 카드
카드_877,M포인트 적립 체크카드
카드_878,현대카드
카드_879,현대카드
카드_880,전월실적/적립한도 없이 0.7% 기본 캐시백
카드_881,적립한도 없이 최대 1.5% 씨티포인트 적립
카드_882,최대 30% 라이프스타일 청구할인
카드_883,최대 7% 라이프 스타일 청구할인
카드_884,마일리지 전환부터 결제대금 차감까지!
카드_885,마일리지 전환부터 결제대금 차감까지!
카드_886,"1,500원당 0.7 스카이패스 마일리지 한도 제한 없이 적립"
카드_887,"1,500원당 1 아시아나 마일리지 한도 제한 없이 적립"
카드_888,최대 20% 특별 포인트 적립
카드_889,최대 20% 청구할인
카드_890,엔터테인먼트 최대 20% 청구할인
카드_891,엔터테인먼트 최대 20% 청구할인
카드_892,아시아나 마일리지 적립
카드_893,아시아나 마일리지 적립
카드_894,국내외 다양한 혜택을 한번에
카드_895,한도 없이 돌려 받는 캐시백
카드_896,신세계백화점 할인 및 신세계 포인트 적립
카드_897,체크카드로 알뜰하게!신용카드로 편리하게!
카드_898,전국 모든 음식점 최대 10% 할인
카드_899,"커피,영화,주유시 최고의 할인"
카드_900,신용카드처럼 쓰면서 더 큰 혜택을 받는 체크카드 !
카드_901,개인사업자를 위한 금융맞춤카드
카드_902,리워드 자동 적립
카드_903,다양한 리워드 사용
카드_904,후불 하이패스 카드
카드_905,(신규판매 중단 상품)
카드_906,(신규판매 중단 상품)
카드_907,(신규판매 중단 상품)
카드_908,(신규판매 중단 상품)
카드_909,(신규판매 중단 상품)
카드_910,(신규판매 중단 상품)
카드_911,(신규판매 중단 상품)
카드_912,(신규판매 중단 상품)
카드_913,(신규판매 중단 상품)
카드_914,(신규판매 중단 상품)
카드_915,(신규판매 중단 상품)
카드_916,원이와 함께~ 스마트한 해외혜택!
카드_917,(개인사업자전용) 개인사업자를 위한 따듯하고 이로운 주유특화카드\n
카드_918,"전가맹점 0.7%, 범농협 판매장 0.8% 전월실적없이 무제한 적립 + NH페이 이용 시 추가 0.1% 적립"
카드_919,"전가맹점 0.2%, 범농협 판매장 0.3% 전월실적없이 무제한 적립 + NH페이 이용 시 추가 0.1% 적립"
카드_920,(개인사업자전용) 개인사업자를 위한 따듯하고 이로운 카드
카드_921,(개인사업자전용) 개인사업자를 위한 따듯하고 이로운 카드
카드_922,(개인사업자전용) 개인사업자를 위한 따듯하고 이로운 카드
카드_923,"플래티늄 카드의 온-혜택을 ON, 켜다!"
카드_924,"플래티늄 카드의 온-혜택을 ON, 켜다!"
카드_925,"플래티늄 카드의 온-혜택을 ON, 켜다!"
카드_926,"일상의 FLEX, 혜택을 FLEX!"
카드_927,올리와 함께~스마트한 POINT 적립카드
카드_928,나를 가장 잘 아는 스마트한 카드! 올바른 적립혜택!
카드_929,나를 가장 잘 아는 스마트한 카드! 올바른 적립혜택!
카드_930,나를 가장 잘 아는 스마트한 카드! 올바른 적립혜택!
카드_931,주유·교통혜택을 위한 올바른 선택!
카드_932,일상에 달콤함을 더해주는 카드!
카드_933,나에게 필요한 Pack 서비스를 내맘대로 Pick!
카드_934,Super Premium
카드_935,Super Premium
카드_936,"전주 삼색 맛,멋,흥 서비스 월 최대 1만원 할인"
카드_937,SK주유소 전북지역최대 리터당 120원 할인 혜택
카드_938,"디지털 일상, Link On으로 완성된다"
카드_939,세 가지 타입의 J머니 적립서비스!
카드_940,당신 인생의 황금기 JB 골든에이지와 함께하세요!
카드_941,세 가지 타입의 적립과 플래티늄서비스!
카드_942,"혜택도, 카드 컬러도 나에게 딱 맞는 선택형 카드!"
카드_943,"연회비는 덜어내고, 품격은 담아내고"
카드_944,더 특별한 혜택을 원하는 당신을 위한
카드_945,전북은행 BIZ클럽 회원만을 위한 차별화된 서비스
카드_946,전북도민을 위한 특화카드
카드_947,"자주, 많이 쓸수록 더 커지는 혜택 !"
카드_948,모든 주유소 리터당 최대 100원 청구할인
카드_949,자주 쓰는 업종에서 혜택받자!
카드_950,young에게 PLUS 되는 카드
카드_951,캐릭터로 하나(one)되는WON FRIENDS 체크카드
카드_952,세 가지 영역의 캐시백 서비스!
카드_953,해피포인트 가맹점 최대 20% 할인
카드_954,전월실적 제한없이 건당 이용금액에 따라 최대 1.2% 캐시백!
카드_955,"대형마트, 베이커리, 카페 5% 할인!"
카드_956,한 장의 카드에 담은 다양한 국가바우처카드
카드_957,캐릭터로 하나(one)되는WON FRIENDS 신용카드
카드_958,"렌탈료 및 장기할부 이용 시 최대 20,000원 할인!"
카드_959,신세계TV쇼핑에서 판매하는 렌탈상품 최대 18천원 할인
카드_960,전월 실적 상관없이 월 최대 1만원 캐쉬백!
카드_961,"배달의 민족, 요기요부터 넷플릭스, 유튜브까지 할인이 된다고?!"
카드_962,떠나자 해외로! 다가올 여행을 준비해보세요!
카드_963,축구를 사랑한다면 제주은행 & 제주유나이티드와 함께하세요!
카드_964,아시아나항공 마일리지 적립과 각종 할인 혜택을 한번에!
카드_965,"전국 주유할인, 카드 한장으로 해결!"
카드_966,제주지니 Air Money로 전세계를 자유롭게 날아가세요
카드_967,제주 삼다수카드 신용카드
카드_968,KCTV 방송 요금 납부는 KCTV알뜰카드 자동이체로!
카드_969,임신부터 보육료 & 유아학비까지 다양한 국가 바우처와 다양한 ...
카드_970,그린을 꺼내세요!! 제주그린카드가 다양한 혜택으로 여러분의 녹...
카드_971,KCTV 방송 요금 납부는 KCTV알뜰카드 자동이체로!
카드_972,기업을 대상으로 발급하는 카드로 기업의 경비 집행시에 이용하 ...
카드_973,제주특별자치도 공무직 직원분들께만 드리는 제주은행 카드의 혜...
카드_974,제주삼다수 체크카드
카드_975,전월 실적 상관없이 월 최대 4천원 캐쉬백!
카드_976,축구를 사랑한다면 제주은행 & 제주유나이티드와 함께하세요!
카드_977,
카드_978,20-30 젊은 세대를 위한 젊은 카드!
카드_979,임신부터 보육료 & 유아학비까지 다양한 국가 바우처와 다양한 ...
카드_980,그린을 꺼내세요!! 제주그린체크카드가 다양한 혜택으로 여러분 ...
카드_981,연회비 없이 대한항공 마일리지 적립에 5개 온라인몰 할인까지 ...
카드_982,한라대학교 재학생을 위한 학생증카드
카드_983,원더카드 맞춤혜택 조합 : 병원부터 관리비까지 생활비 혜택
카드_984,실적 조건 없이 골고루 받는 혜택
카드_985,한장에 담은 SK 통신/주유 혜택
카드_986,우리 가족도 반려동물도 행복한 혜택
카드_987,매일의 즐거움을 책임지는 실용적인 혜택
카드_988,쇼핑할 때마다 행복한 플러스 혜택
카드_989,자유롭게 쓰고 받는 플러스 혜택
카드_990,# MY WAY(샵 마이웨이)카드출근에서 퇴근까지 나의 하루를 함께하는 카드
카드_991,"페이결제 조건없이 최대 1%청구할인, 구독서비스 50%청구할인"
카드_992,에너지 공과금 할인 카드
카드_993,주중/주말/매일 청구할인 혜택이 되는 카드
카드_994,카드 연속사용에 따른 우대 혜택
카드_995,카드 연속사용에 따른 우대 혜택
카드_996,국가바우처와 임신/출산 진료비 지원을 한번에!
카드_997,환경을 생각합니다.
카드_998,실적제한없이 어디서나 0.8%/1.8% 적립!
카드_999,반려동물을 위한 사랑 실천법
카드_1000,현명한 투자를 위한 카드
카드_1001,"로마드 구독 요금 자동이체 시 13,000원 청구할인"
카드_1002,국민연금 수급자를 위한 신용카드
카드_1003,배달앱/택시/생활밀착업종할인까지! 대구 사람이면 대구로
카드_1004,신용카드와 외화 하나머니의 만남
카드_1005,1천원당 최대 2마일! 라운지 무료혜택까지
카드_1006,해외에서 달러(USD)로 결제되는 해외사용 필수템!
카드_1007,스마트한 마일리지 적립 방법
카드_1008,스마트한 마일리지 적립 방법
카드_1009,"실적 관계없이, 적립한도 없이 대한항공 마일리지 적립"
카드_1010,"실적 관계없이, 적립한도 없이 아시아나 마일리지 적립"
카드_1011,해외여행/직구족을 위한 MUST HAVE 카드
카드_1012,toss에서 하나카드를 만나보세요!
카드_1013,"6대 저비용 항공사 통합 마일리지, Mile1 하나로!"
카드_1014,포인트를 현금처럼 쓰는 하나멤버스 신용카드
카드_1015,포인트를 현금처럼 쓰는 하나멤버스 신용카드
카드_1016,서민금융진흥원의 보증을 통해 신청 가능한 카드
카드_1017,"국내 가맹점 0.7%, 국내 온라인/해외 가맹점 1.7% 할인"
카드_1018,"국내 가맹점 0.7%, 국내 온라인/해외 가맹점 1.7% 할인"
카드_1019,포인트를 현금처럼 쓰는 하나멤버스 신용카드
카드_1020,지역쇼핑/주유에서 혜택이 플러스
카드_1021,포인트를 현금처럼 쓰는 하나멤버스 신용카드
카드_1022,100만 고객이 선택한 SK의 모든 혜택
카드_1023,4대 정유할인과 차량정비의 할인혜택이 되는 카드
카드_1024,"고속도로 통행료를 이제 간편하게, 쉽게, 빠르게"
카드_1025,CHAI에서 하나카드를 만나보세요!
카드_1026,"쓸 수 밖에 없다면, 아껴라"
카드_1027,"1500원당 1 대한항공 마일리지 적립, 바우처 서비스 제공"
카드_1028,"1500원당 1 대한항공 마일리지 적립, 바우처 서비스 2종 제공"
카드_1029,"1,500원당 1 대한항공 마일리지 적립, 바우처 서비스 2종 제공"
카드_1030,"1,500원당 1 대한항공 마일리지 적립, 바우처 서비스 2종 제공, 컨시어지 서비스"
카드_1031,"1,500원당 1 대한항공 마일리지 적립, 바우처 서비스 3종 제공, 컨시어지 서비스"
카드_1032,"1천원당 최대 2마일리지, 라운지 동반자 혜택, 메탈 플레이트의 품격"
카드_1033,라이프 스타일에 맞게 골라서 사용하는 프리미엄 카드
카드_1034,당신의 서명으로 완성되는 프리미엄 시그니처 카드
카드_1035,실속있게 누리는 프리미엄 라이프
카드_1036,라이프 스타일에 맞게 골라서 사용하는 프리미엄 카드
카드_1037,당신의 서명으로 완성되는 프리미엄 시그니처 카드
카드_1038,실속있게 누리는 프리미엄 라이프
카드_1039,라이프 스타일에 맞게 골라서 사용하는 프리미엄 카드
카드_1040,"YOU DESERVE THE ONE & ONLY - 대한민국 VVIP카드, CLUB1"
카드_1041,"대한항공 마일리지 1,500원당 최대 3마일리지 적립, 프리미엄 바우처, 전 세계 라운지 무료 이용"
카드_1042,신세계 백화점 5% 할인
카드_1043,원스토어 2% 무제한 할인
카드_1044,언택트 시대에 필요한 맞춤형 카드!
카드_1045,하나로마트를 이용하는 현명한 방법!
카드_1046,풀무원에서 가장 높은 혜택 제공! 월 최대 2만원 할인!
카드_1047,APR 브랜드 월 최대 3만원 청구할인
카드_1048,자주쓰는 곳에서 하나머니 적립!
카드_1049,교직원을 위한 특별한 혜택이 담긴 ITIC 국제교사증 카드
카드_1050,"실적, 적립한도 제한없이 아시아나 마일리지 the! 적립"
카드_1051,공무원을 위한 특별한 혜택이 담긴 공무원 연금 카드
카드_1052,공무원을 위한 특별한 혜택이 담긴 공무원연금 카드
카드_1053,공무원을 위한 특별한 혜택이 담긴 공무원연금 카드
카드_1054,다양하고 엄선된 컨텐츠 제공 콘텐츠박스 서비스와 1Q 서비스를 하나로!
카드_1055,KT 고객의 라이트 한 삶을 위한 혜택! KT 상품 및 통신요금 청구 할인
카드_1056,KT 고객의 Super한 삶을 위한 혜택! KT 통신요금 청구 할인 및 생활서비스를 하나로!
카드_1057,주유부터 픽업까지! 똑똑한 Car Life를 시작해보세요.
카드_1058,청호나이스 렌탈을 이용하는 현명한 방법!
카드_1059,코웨이 렌탈을 이용하는 현명한 방법!
카드_1060,만삼천원의 행복 바디프랜드 렌탈을 이용하는 현명한 방법!
카드_1061,만삼천원의 행복 CUCKOO 렌탈을 이용하는 현명한 방법!
카드_1062,"렌탈 자동이체 시 월 8,000원 또는 월 13,000원 할인"
카드_1063,LG전자 장기할부 및 렌탈료 이용 고객을 위한 특별한 혜택!
카드_1064,"렌탈요금 자동이체 시 13,000원 청구할인"
카드_1065,웰릭스렌탈을 이용하는 현명한 방법!
카드_1066,BS렌탈을 이용하는 현명한 방법!
카드_1067,"실적에서 자유롭고, 혜택을 덤으로 주는 내 지갑 속 카페"
카드_1068,스피킹맥스/ 뇌새김 장기할부 및 할인서비스 제공
카드_1069,"국내 가맹점 0.7%, 국내 온라인/해외 가맹점 1.7% 할인"
카드_1070,건강하게 할인혜택을 챙기는 방법!
카드_1071,스마트한 뇌새김 학습에 할인혜택을!
카드_1072,SK매직을 이용하는 현명한 방법!
카드_1073,토마토 솔루션 가맹점에서 월 최대 5만원 청구할인
카드_1074,"대명아임레디 자동이체 시 최대 19,000원 청구할인"
카드_1075,정직한 신선 유기농 선별샵 프레딧에 할인 혜택을!
카드_1076,삼프로TV 유료컨텐츠 청구할인
카드_1077,전월 실적 없이 어디서나 최대 0.4% 적립
카드_1078,T1과 FAKER 선수 팬들을 위한 체크카드
카드_1079,모두의 건강을 선물합니다!
카드_1080,L.PAY 결제로 더 큰 혜택을 누리자!
카드_1081,신세계 백화점 기본할인에 캐쉬백까지 카드 한장에!
카드_1082,시코르 기본할인에 캐쉬백까지 카드 한 장에!
카드_1083,영(Young)한 당신을 위한 체크카드
카드_1084,영(Young)한 당신을 위한 체크카드
카드_1085,포인트를 현금처럼 쓰는 하나멤버스 체크카드
카드_1086,HoYoverse 게임을 즐기는 분이라면 누구나
카드_1087,포인트를 현금처럼 쓰는 하나멤버스 체크카드
카드_1088,CJ ONE 제휴 가맹점에서 더 큰 혜택을 누리자! 모바일과 하나되어 더욱 스마트해진 체크카드
카드_1089,체크카드 혜택과 해피포인트 멤버쉽 기능을 한번에!
카드_1090,대학생들이 많이 이용하는 곳에서 적립된 포인트로 학자금대출 원리금 상환 가능!
카드_1091,국민연금 수급자를 위한 체크카드
카드_1092,"청년의 꿈, 새로운 도전"
카드_1093,
카드_1094,전월 실적없이 어디서나 하나머니 적립
카드_1095,영(Young)한 당신과 어울리는 체크카드
카드_1096,카카오 리틀프렌즈와 함께하는 나의 첫 체크카드
카드_1097,가장 빠른 모바일 결제 카카오페이와 체크카드의 만남
카드_1098,넥슨 메이플스토리와 하나카드의 만남
카드_1099,국가바우처와 임신/출산 진료비 지원을 한번에!
카드_1100,던전앤파이터와 하나카드의 만남
카드_1101,해외직구 할인과 대중교통 캐쉬백을 한번에!
카드_1102,세상의 금쪽이들 다 모여라
카드_1103,실적에 관계없이 제공되는 국내 하나머니 적립혜택해외 18개 통화가 결제되는 해외여행 필수템
카드_1104,해외 수수료 완전 면제
카드_1105,"국내 5대 업종, 해외쇼핑 캐쉬백 서비스!"
카드_1106,길한통 체크카드 가지고 중국 가세요!연회비 면제! 해외이용수수료 면제!
카드_1107,안전하고 편리한 해외 전용 외화 체크카드
카드_1108,"VIVA + 체크카드 혜택은 그대로,Allpoint 제휴 ATM 출금 수수료 면제까지!"
카드_1109,Young Hana 체크카드 with Okcashbag 과 국제학생증을 하나로
카드_1110,VIVA G 체크카드와 ISIC 국제학생증을 하나로
카드_1111,해외 이용수수료 면제!해외에서 이용할 때도 국내 처럼 사용하세요.
카드_1112,이용할수록 캐쉬백 받는 Smart한 생활!
카드_1113,"상품권에 신용카드의 편리함을 그대로~하나카드 가맹점이면 전국 어디서나 사용가능한 기프트카드, 특별한 분에게 부담없이 선물하세요!"
카드_1114,"상품권에 신용카드의 편리함을 그대로~BC카드 가맹점이면 전국 어디서나 사용가능한프트카드, 특별한 분에게 부담없이 선물하세요!"
카드_1115,
카드_1116,가치 그 이상의 VVIP 라이프
카드_1117,가치 그 이상의 VVIP 라이프
카드_1118,가치 그 이상의 VVIP 라이프
카드_1119,품격있는 당신을 위한 차원이 다른 포인트 적립카드
카드_1120,
카드_1121,품격있는 당신을 위한 차원이 다른 마일리지 적립카드
카드_1122,품격있는 당신을 위한 차원이 다른 마일리지 적립카드
카드_1123,보육료 및 임신·출산 진료비 지원 등 국가바우처 지원 가능
카드_1124,운송사업자들을 위한 든든한 지원 혜택의 힘
카드_1125,꿈꾸고 즐기는 청춘을 위한 다양한 할인 혜택
카드_1126,친환경 녹색실천과 에코머니포인트 적립의 기쁨을 누리는 착한 혜택의 힘
카드_1127,직업 군인과 군무원 분들에게 꼭 필요한 세심한 혜택! KB국민 국방멤버쉽카드
카드_1128,화물운전자를 위한 유가보조금 및 HD현대오일뱅크 주유할인 지원카드
카드_1129,대한민국 군과 함께 풍요로운 노후
카드_1130,주유만해도 리터당 최대 80원 할인!
카드_1131,화물운전자를 위한 유가보조금 및 S-OIL 주유할인 지원카드
카드_1132,화물운전자를 위한 유가보조금 및 SK주유할인 지원카드
