보증_고유키,상품설명
보증_0,기업 전용 정기적금 상품
보증_1,복잡한 우대금리 조건 없이 쉽고 간편한 적금 상품
보증_2,누구나 쉽게 이해하고 가입할 수 있는 정기예금 대표상품
보증_3,"중견기업 등에 대해서 우대금리 및 우대서비스를 제공하는 상품으로, 결제성 자금의 일시예치 및 여유자금의 단기적 운용 목적으로 적합"
보증_4,"영업점 방문없이 가입이 가능한 고금리 입출금이 자유로운 예금으로 인터넷뱅킹, 스마트폰뱅킹, 폰뱅킹 및 자동화기기이용수수료 우대"
보증_5,"영업점에서 가입이 가능한 온라인 전용 입출금이 자유로운 예금으로 인터넷뱅킹, 스마트폰뱅킹, 폰뱅킹 및 자동화기기 이용수수료 우대"
보증_6,기간·금액 구분없이 단일금리 제공하는 상품으로 온라인금융(인터넷뱅킹 등) 및 자동화기기 (CD/ATM) 이용수수료가 우대되는 예금상품
보증_7,금 관련 제품 및 스크랩등에 대한 부가가치세 매입자 납부특례 제도 시행에 따라 사업자간 관련 제품 거래 시 매매대금의 결제와 부가가치
보증_8,만기일을 일수까지 지정하여 가입 가능한 거치식 예금
보증_9,매월 지정일마다 일정액을 적립하여 목돈을 안정적으로 마련할 수 있는 정기적금
보증_10,"기초생활보장급여, 기초(노령)연금, 장애인연금, 장애(아동)수당 등에 대한 압류가 불가능한 압류방지 전용통장"
보증_11,단기 및 중기 여유자금 운용에 유용한 고수익 상품으로 만기전에도 자유로이 매매 가능한 상품
보증_12,이율 적용방식의 선택이 가능하고 환율우대 및 수수료우대서비스를 제공하는 외화 정기예금
보증_13,외국통화에 대한 거치식예금
보증_14,입출금이 자유로운 외화예금으로 인터넷/스마트폰뱅킹을 통해 가입한 경우 인터넷/스마트폰뱅킹에서는 이체 및 송금은 불가
보증_15,입출금이 자유로운 예금으로 법인 및 개인 명의로 개설 가능
보증_16,국민연금 수급전용 압류방지 통장
보증_17,은행의 조기해지권 매입과 이자율 금리스왑을 통해 기존 정기예금 대비 높은 금리를 제공하는 파생거래 연계 상품
보증_18,「국가유공자 등 예우 및 지원에 관한 법률」 등 보훈급여 관련 법령에 따라 국가보훈처에서 매월 지급되는 보훈급여금 등에 대하여 압류
보증_19,"고객 상황에 맞는 이자지급방식 선택가능한 상품으로 기업의 결제성 자금의 일시예치, 일시적 여유자금의 단기적 운용이 가능"
보증_20,공공 보증기관의 보증서 담보대출 실행 자금에 한하여 입금이 가능한 보증서담보대출 입금전용 보통예금
보증_21,"개인의 필요시기, 목적자금에 맞춰 가입해봐요!"
보증_22,"급여이체, 자동이체, 대출보유 등 당행 주거래 고객에게 금리우대"
보증_23,만기일을 직접 지정하여 필요자금을 사용할 수 있는 비대면 전용상품
보증_24,우대조건 없는 간편한 구조의 비대면 전용상품
보증_25,미세먼지 개선을 위한 ＇다짐＇과 ＇실천＇ 통해 금리우대 혜택을 제공받는 적립식 상품
보증_26,"급여이체, 자동이체, 대출보유 등 당행 주거래 고객에게 금리우대"
보증_27,그룹가입 및 스탬프 적립에 따라 우대금리를 제공하는 비대면전용 자유적립식적금 상품
보증_28,"국민주택, 민영주택 등 모든 주택에 청약할 수 있는 입주자 저축"
보증_29,우대조건 없는 간편한 구조의 비대면 전용상품
보증_30,레저업종(BC카드 가맹점기준)에서 기업은행카드 사용 시 거래수수료 면제
보증_31,2인의 거래실적을 합산하여 2인 모두에게 우대혜택 제공
보증_32,레저업종(BC카드 가맹점기준)에서 기업은행카드 사용 시 사용건수 또는 이용대금에 따라 금리우대
보증_33,"월 3백만원 이내로 적립할 수 있으며, 다양한 우대금리 제공하는 비대면 전용상품"
보증_34,"만기일시 지급식 중소기업금융채권으로, 30일 이상 364일 이하의 기간동안 일단위로 가입가능하며 최저 10만원에서 최대 500억원까지 예치가능"
보증_35,"자유적립식 단리채 방식 중소기업금융채권으로, 1년이상 3년이하 월단위 가입가능하며 최저 1만원 이상 1만원 단위 가입 가능"
보증_36,초기 창업기업에게 금리우대를 제공하는 사업자 전용 입출식예금
보증_37,중기임직원의 자산형성을 지원하는 중기임직원 전용 거치식 상품
보증_38,"중진공의 정책자금 외 입금이 제한되고, 기업은행과 업무협약을 체결한 MP사를 통해서 대금이 집행되도록 관리되는 전용 입출식 통장"
보증_39,"청년의 중장기 자산형성을 지원하는 적금상품으로, 정부기여금과 비과세 혜택을 제공"
보증_40,다양한 금융혜택을 제공하는 중기근로자 전용 입출금식 상품
보증_41,개인·기업·기관이 함께 혁신 창업 생태계 조성에 동참하여 사회적 가치를 실천하는 거치식예금
보증_42,개인·기업·기관이 함께 혁신 창업 생태계 조성에 동참하여 사회적 가치를 실천하는 거치식예금
보증_43,부모 또는 자녀가 부모급여/아동수당 수급하고 주택청약종합저축 신규하면 우대금리를 제공하는 적금상품
보증_44,중기임직원의 자산형성을 지원하는 중기임직원 전용 적금 상품
보증_45,거주 세대의 전기사용량 절약 여부에 따라 금리혜택 제공하는 적금상품 (아파트아이 제휴상품)
보증_46,국군재정관리단에서 지급하는 병 급여만 입금 가능하고 입금된 금액에 대해 압류를 방지하는 전용통장
보증_47,싸이월드 도토리 구입(충전) 시 자유롭게 이용할 수 있는 입출금식 통장
보증_48,"잔액 구간별 우대 금리를 기본 제공하고, 주거래 요건 충족 시 수수료 면제 혜택을 제공하는 비대면 전용 입출식 예금"
보증_49,"친환경기업, 고용창출 등 사회적가치 실천 기업 등 ESG 경영 추진기업에 우대금리를 제공하는 적립식예금 상품"
보증_50,자산관리가 필요한 직장인을 우대하는 적립식 상품
보증_51,"『구직자 취업촉진 및 생활안정지원에 관한 법률』 관련 법령에 따라 입금된 취업지원서비스 또는 구직촉진수당등만 입금가능하고 이에 관한 채권을 압류할 수 없고, 압류에 의한 지급제한이 되지 않는 압류방지전용통장"
보증_52,"친환경기업, 고용창출 등 사회적가치 실천 기업 등 ESG 경영 추진기업에 우대금리를 제공하는 적립식예금 상품"
보증_53,"친환경기업, 고용창출 등 사회적가치 실천 기업 등 ESG 경영 추진기업에 우대금리를 제공하는 거치식예금 상품"
보증_54,"친환경기업, 고용창출 등 사회적가치 실천 기업 등 ESG 경영 추진기업에 우대금리를 제공하는 거치식예금 상품"
보증_55,"임금채권보장법 제11조 등 관련법령에 따라 입금된 체당금(체불임금등대지급금)에 관한 채권을 압류할 수 없고, 압류에 의한 지급제한이 되지 않는 압류방지전용통장"
보증_56,한국주택금융공사법 등 관련 법령에 따라 주택담보노후연금으로 입금된 금액은 압류에 의한 지급제한이되지 않는 주택연금 압류방지 전용통장
보증_57,생활 속 금융거래를 한번에!
보증_58,매월 지정일 기준 통장잔액의 1를 자동적립
보증_59,오픈뱅킹 활성화를 위한 오픈뱅킹 전용상품
보증_60,오픈뱅킹을 통해서 가입하면 높은 금리를 제공하는 오픈뱅킹 전용상품
보증_61,외국인고객을 위한 전용상품
보증_62,LG페이 이용고객을 위한 목돈모으기 상품
보증_63,기업은행 카드로 대중교통 이용 시 거래수수료 면제
보증_64,"미세먼지 저감을 위해 ＇환경보호 실천서약＇에 동참한 기업과, 대기오염 저감조치, 친환경차 이용 등 환경개선을 실천하는 기업에게 우대금리를 제공하는 적립식 예금상품"
보증_65,미세먼지 개선을 위한 ＇실천＇을 통해 금리우대 혜택을 제공받는 거치식 상품
보증_66,군인연금에 대한 압류방지전용통장
보증_67,"단리채 방식 중소기업금융채권으로, 6개월이상 3년이하 월단위 가입가능하며 최저 1만원이상 1만원 단위 가입 가능"
보증_68,간편하게 만들고 혜택은 가득
보증_69,산업재해보상급여 수급자의 수급권 보호를 위한 압류방지통장
보증_70,제로페이 가맹점 결제대금 입금 또는 BC카드 매출대금이 입금되는 기업고객에게 수수료 면제 등 우대 혜택을 드리는 입출금식 예금
보증_71,제로페이 가맹점 결제대금 입금 또는 BC카드 매출대금이 입금되는 기업고객에게 금리 우대 혜택을 드리는 적립식 예금
보증_72,"제로페이 가맹점 또는 BC카드매출대금 입금 고객에게 우대금리를 드리는 3개월, 6개월, 12개월 가입이 가능한 예금상품"
보증_73,제로페이 가맹점 또는 BC카드매출대금 입금 고객에게 우대금리를 드리는 30일 이상 364일 이하 일단위 가입이 가능한 예금상품
보증_74,제로페이 가맹점 또는 BC카드매출대금 입금 고객에게 우대금리를 드리는 1년 만기 예금상품
보증_75,레저업종(BC카드 가맹점기준)에서 기업은행카드 사용 시 거래수수료 면제
보증_76,카카오페이 고객에게 다양한 혜택을 제공하는 자유적립식 상품
보증_77,"* i-ONE Bank(개인)를 통한 가입은 현역병, 상근예비역에 한함"
보증_78,"주택청약종합저축의 청약기능과 소득공제 혜택은 그대로 유지하면서 자격요건 충족 시, 우대이율과 비과세 혜택을 받을 수 있는 청년우대형 주택청약종합저축"
보증_79,효도 실천을 위해 가입하는 적금
보증_80,"만기일시 지급식 중소기업금융채권(복리채, 이표채로 가입가능)"
보증_81,"만기일시 지급식 중소기업금융채권으로, 30일 이상 364일 이하의 기간동안 일단위로 가입가능하며 최저 10만원에서 최대 500억원까지 예치가능"
보증_82,"우대금리 수준은 확 높이고 우대금리 요건은 확 낮춘, 기업에게 필요한 부가서비스도 패키지로 함께 제공하는 비대면채널(기업인터넷뱅킹, i-ONE뱅크 기업) 전용 거치식예금 상품"
보증_83,"우대금리 수준은 확 높이고 우대금리 요건은 확 낮춘, 기업에게 필요한 부가서비스도 패키지로 함께 제공하는 비대면채널(기업인터넷뱅킹, i-ONE뱅크 기업) 전용 거치식예금 상품"
보증_84,칭찬스티커 개수에 따라 우대금리를 제공하는 적금형 입출금식통장
보증_85,"자유적립식 단리채 방식 중소기업금융채권으로, 1년이상 3년이하 월단위 가입가능하며 최저 1만원 이상 1만원 단위 가입 가능"
보증_86,IBK썸통장(입출금식) 보유고객이 일정조건 충족 시 다양한 우대혜택 제공
보증_87,"자금필요시기에 맞춰 최초 계약기간(6개월~1년)을 자유롭게 설정할 수 있고, 자동재예치와 중도인출을 통해 사업자의 Seed Money 마련 및 활용이 가능한 자유적립식 예금"
보증_88,스탬프 적립에 따라 우대금리를 제공하는 비대면전용 거치식예금 상품
보증_89,금 관련 제품 및 구리ㆍ철스크랩등의 부가가치세 매입자 납부제도 시행(조세특례제한법 제106조의4 및 제106조의9)에 따라 사업자간 관련 제품 거래 시 매매대금의 결제와 부가가치세 납부를 지원하는 계좌
보증_90,국가보훈처에서 지급하는 보훈급여금 등의 압류방지 전용통장
보증_91,KORIBOR(3개월물)에 연동하여 3개월 단위로 변동금리 적용 상품
보증_92,KORIBOR(3개월물)에 연동하여 3개월 단위로 변동금리 적용 상품
보증_93,KORIBOR(3개월물)에 연동하여 3개월 단위로 변동금리 적용 상품
보증_94,"기업고객을 대상으로 목적자금 마련을 도와주는 인터넷, 스마트폰 전용 적금상품으로 KORIBOR(3개월)에 연동하여 3개월마다 변동하여 금리가 적용되는 변동금리 상품"
보증_95,은행계좌 하나로 IBK투자증권의 주식매매가 가능한 입출식 계좌
보증_96,공무원연금법 등 관련 법령에 따라 수급자에게 지급된 공무원연금의 압류를 방지하는 공무원연금 전용통장
보증_97,나라사랑카드 발급대상 고객을 위한 전용통장
보증_98,주거래 이용실적(각종 이체실적 포함)등에 따라 우대금리 및 수수료 면제 혜택을 제공하는 입출식예금
보증_99,미소금융 및 채무조정 성실상환자를 위한 자산형성 상품
보증_100,"급여이체, 자동이체, 대출보유 등 당행 주거래 고객에게 금리우대"
보증_101,"급여이체, 자동이체, 대출보유 등 당행 주거래 고객에게 금리우대"
보증_102,"재예치 후 이체금액이 자동 증액되면 서비스 신청이 가능하고, 분할 인출 및 자동재예치가 최대 20회까지 가능한 자유적립식 상품"
보증_103,당행과 업무협약을 체결한 하도급시스템을 통하여 발주한 공사대금 및 임금이 하도급자와 근로자에게 기간 내 집행되도록 관리하는 전용결제통장
보증_104,"장애인, 기초생활수급자, 소년소녀가장, 북한이탈주민, 결혼이민자, 한부모 가족지원보호 대상자, 차상위계층 이하 만 65세 이상 가입가능한 우대금리, 특별중도해지 제공상품"
보증_105,해외송금 및 외화환전수수료 우대 등을 제공하는 외국인고객을 위한 전용상품
보증_106,"매월 원리금이 균등하게 분할 지급되고, 지급되는 원리금을 납입기간이 5년이고 보험기간이 10년 이상인 월납 저축성보험의 보험료로 납부하기 위한 정기예금"
보증_107,유치원 및 어린이집을 위한 전용상품
보증_108,"연금실적이 있는 경우 금리우대 및 수수료면제, 연금알리미서비스 등 다양한 혜택 제공"
보증_109,국민연금전용 압류방지통장
보증_110,군 복무 중인 직업군인을 위한 재테크 상품
보증_111,후원금을 조성하여 독도관련 사업을 후원하는 공익형 상품입니다.
보증_112,압류방지 전용통장
보증_113,후원금을 조성하여 독도관련 사업을 후원하는 공익형 상품입니다.
보증_114,고객님의 보다 자유로운 자금 운용을 위한 목돈마련 고수익 상호부금 상품입니다.
보증_115,이 상품은 매월 이자에 이자가 붙는 월복리 자유적립식 정기적금으로 계약기간별 자동이체 횟수에 따라 금리를 우대 하며 인터넷 대출 신청 시 매월 적금잔액 증가에 따라 담보대출 약정한도를 자동으로 증액해 드리는 적립식 예금입니다.
보증_116,회전주기마다 금리가 변동되는 거치식 상품입니다.
보증_117,기업고객님을 위한 목돈마련상품으로서 입출식거래나 카드이용 등에 따라 다양한 우대금리를 제공하는 상품입니다.
보증_118,기업고객님을 위한 목돈마련상품으로서 입출식거래나 카드이용 등에 따라 다양한 우대금리를 제공하는 상품입니다.
보증_119,실세금리를 반영한 정기예금 상품
보증_120,법인 및 개인사업자에게 예치금액에 따라 높은 이자를 드리는 상품입니다.
보증_121,할인식으로 발행되며 제3자에게 양도 가능한 예금증서(혹은 통장)입니다.
보증_122,당행이 할인하여 보유중인 상업어음과 무역어음을 근거로 당행을 발행인으로 하여 고객 앞으로 할인식으로 발행하는 약속어음
보증_123,법인 또는 사업자등록증을 소지한 개인사업자 대상의 입출금이 자유로운 대표적인 기업전용 통장
보증_124,매월 일정한 금액을 불입하여 목돈을 마련하는데 유리한 대표적인 적립식 상품입니다.
보증_125,"매월 일정금액을 일정일에 납입하면, 은행은 예금 만기일에 납입된 저축금에 이자를 더한 금액을 지급하는 목돈 마련용 상품입니다."
보증_126,소비(여유)자금을 일시적으로 보관하는 목적으로 개설하는 입출금이 자유로운 예금의 대표 상품
보증_127,목돈을 일정기간 예치하여 안정적인 수익을 목적으로 하는 확정금리 예금상품입니다.
보증_128,가입대상에 제한이 없고 소비자금 또는 여유자금의 일시적으로 보관하는 목적으로 개설하는 입출금이 자유로운 예금의 대표적인 상품입니다.
보증_129,"첫거래고객우대정기예금,1백만원이상1천만원이하"
보증_130,해양환경보전사업및사회공헌사업을지원하는ESG법인정기예금(기금조성상품)
보증_131,조건없이개인이면누구나10만원이상10억원이내
보증_132,해양쓰레기저감활동을지원하는적립식예금
보증_133,해양쓰레기저감활동을지원하는정기예금
보증_134,"신용카드대금등자동이체횟수,수협쇼핑등이용실적등에따라우대금리를제공하는적립식예금"
보증_135,"신용카드대금등자동이체횟수,수협쇼핑등이용실적등에따라우대금리를제공하는적립식예금"
보증_136,"매월원금과이자가새로운원금이되는월복리로운용되는적금으로신규고객및요구불,카드이용고객에게우대금리를제공하고고객의경조사로중도해지시가입당시기본이율을적용하는스마트한재테크상품"
보증_137,가입자의특성및거래방법에따라우대금리를적용하는적립식예금
보증_138,"입금방법,가입기간을자유롭게선택할수있으며가입자의특성및거래방법에따라우대금리를적용하는적립식예금"
보증_139,"실세금리연동확정금리적용으로수익이높을뿐만아니라,특별금리까지드리는우수한상품"
보증_140,수시로자유롭게적립할수있고만기일도고객님이원하신날짜로자유롭게정할수있는상품으로일일적금으로활용이가능한정기예금과정기적금의기능을고루갖춘복합상품
보증_141,수협은행은지난96년부터독도연구및보전을위한공익상품을판매하여고객여러분의꾸준한관심속에서수협은행단독부담으로기금을마련하여독도연구보전협회에출연하고있음
보증_142,일반정기적금에비해이율이높아가계재테크에안성맞춤인상품
보증_143,18세이하고객을위한미성년자전용상품
보증_144,입출금통장첫거래고객우대및매일이자를받을수있는입출금통장
보증_145,"신규고객과만기재가입고객을위한쉬운금리우대조건,월50만원한도"
보증_146,Real2카드결제실적에따라우대금리를제공하는정액적립식예금
보증_147,가입이편리한입출금통장
보증_148,고객이지정하는금액에따라금리를제공하는고금리의입출금이자유로운예금
보증_149,수수료는면제받고여유자금은딴주머니에1천만원한도로딴주머니보관
보증_150,금리는우대받고여행은할인받고월30만원한도
보증_151,"직업군인,직업경찰및직업소방관맞춤형상품으로당행거래실적,친구추천등에따라우대금리를제공하는자유적립식예금"
보증_152,모든은행자동화기기현금인출수수료면제되는다기능수시입출금식통장상품
보증_153,어업인또는미래수산인을대상으로고금리를제공하는적립식예금
보증_154,해양환경보전사업및사회공헌사업을지원하는MMDA성ESG법인입출금통장
보증_155,해양환경보전사업및사업공헌사업을지원하는ESG법인입출금통장
보증_156,구직촉진수당등의수급권을보호하는구직촉진수당등전용압류방지통장
보증_157,주택연금수급권자의수급권을보호하는주택연금압류방지전용통장
보증_158,Sh수협은행경리나라자금관리시스템가입및4대사회보험료자동이체등의조건충족시수수료우대혜택을제공하는기업전용입출금이자유로운통장
보증_159,군인연금전용압류방지통장
보증_160,거래이용실적에따라수수료우대혜택을제공하는기업전용입출금이자유로운통장
보증_161,"정부,지방자치단체,공공기관,기업에서발주하는공사의공사대금및임금이하도급관리시스템을통해하도급자와근로자에게기간내집행될수있도록관리하는지급이체시스템전용통장"
보증_162,국방부등과업무협약에의해운영되는의무복무병의목돈마련을지원하는고금리적립식예금
보증_163,공공보증기관의보증서담보대출실행자금에한하여입금이가능한보증서담보대출입금전용통장
보증_164,"예치기간별또는잔액구간별로금리를다르게적용하여고금리를제공하는해양수산인전용입출금이자유로운예금으로,각종수수료우대서비스를제공"
보증_165,"수협은행입출식계좌의거래실적(급여,연금,공과금이체등)에따라최고연0.4%우대이자율적용자동으로최초계약기간과동일한기간으로세후원리금자동재예치로연복리혜택제공"
보증_166,"계약기간이1년이며매1년단위로100세까지계약기간이자동연장되는거치식,적립식,입출금이자유로운예금의장점이결합된자유적립식상품"
보증_167,어촌복지기금을조성하는공익성정기예금
보증_168,서민의목돈마련을돕기위한3년제적립식예금
보증_169,"하루만맡겨도이자지급이가능한시장금리부수시입출식예금으로개인사업자및법인거래처를대상으로하며,거래금액이많을수록금리를우대하는고금리유동성예금상품"
보증_170,성공사업을위한특별한제안복잡한조건없이매월이자지급에수수료우대혜택까지주어지는개인사업자를위한수시입출금예금
보증_171,공무원연금수급권자의수급권을보호하는공무원연금압류방지전용통장
보증_172,국민연금수급권자의기본적인연금수급권리를보호하기위한국민연금전용통장
보증_173,급여이체고객에게다양한수수료면제와금리우대혜택등고수익을보장해드리는입출금이자유로운직장인을위한맞춤상품
보증_174,도시와어촌간의교류를위한어촌사랑운동지원또는어촌의교육·문화사업및어업인복지증진사업의지원을위해수협은행단독부담으로예금연평균잔액의일정비율을어촌복지기금으로조성하는공익상품
보증_175,도시와어촌간의교류를위한어촌사랑운동지원또는어촌의교육·문화사업및어업인복지증진사업의지원을위해수협은행단독부담으로예금연평균잔액의일정비율을어촌복지기금으로조성하는공익상품
보증_176,매일의최종잔액에대하여시장금리를반영한높은이자를드리고입출금이자유로운중소기업및자영업고객우대상품
보증_177,수협은행과가계당좌거래계약을체결한거래처가상거래에서발생하는대금결제를위해발행한가계수표의지급자금출납사무를은행이대행하는수시입출식예금
보증_178,수협은행과당좌거래계약을체결한거래처가상거래에서발생하는대금결제를위해발행한어음수표의지급자금출납사무를은행이대행하는수시입출식예금
보증_179,퇴직연금가입기업및근로자를대상으로확정금리를제공하는원금과이자보장상품
보증_180,수협은행이할인하여보유중인상업어음또는무역어음을분할하거나통합하여수협은행을지급인으로하여새로발행하는약속어음으로중도해지는불가하지만배서에의해자유로이양도가능한예금
보증_181,다양한저축상품을1인당5천만원한도내에서완전비과세로거래하실수있고금융소득종합과세대상에서도제외되는절세형저축
보증_182,"일정한기간을정하여일정일에일정금액을납입하시면원금과약정된이자를지급하여드리며,만기가월단위로자유로와일정기간내에목돈을마련하시는데편리한대표적인적립식상품"
보증_183,여유자금을가장안전하게맡기고매월높은이자를받으실수있는예금
보증_184,실명의개인에한하여제한없이여러계좌를거래할수있는입출금이자유로운예금
보증_185,"어민들이민·형사상의사검으로억울한일을당하였으나경제적으로어렵거나법률적지식이없어스스로해결할수없을때무료상담,무료소송대행을위한기금을마련하기위해무료법률구조기금을조성하는어민돕기공익상품입니다.고객은어민을돕는마음으로가입만하시고기금은수협에서부담함"
보증_186,무기명할인식으로발행되며제3자에게자유롭게양도할수있고단기에높은수익률을받을수있는예금증서
보증_187,일정기간동안매월저축금을납입하시면만기일에계약하신금액을목돈으로받으실수있으며정기적금보다계약기간의선택폭이큰상품
보증_188,가입대상에제한없이일시적인여유자금보관목적또는수시사용자금의일시적인보관을목적으로개설하는입출금이자유로운예금의대표상품
보증_189,학생들에게는저축하는습관을길러주고세후이자의일정액을수협은행부담으로독도사랑海기금을조성및출연하여나라사랑에참여하는학생대상공익상품
보증_190,법인과개인사업자의일시적인여유자금보관목적을위한입출금이자유로운예금
보증_191,수수료 3종 면제 + 매주 드리는 이자혜택
보증_192,최소기간(3개월) 경과 시 중도해지해도 일정금리를 지급하는 정기예금
보증_193,퀴즈 풀수록 추가 우대금리 기회!
보증_194,이벤트 실시 등에 따른 추가 우대금리를 제공하는 정기예금
보증_195,"VIP고객, 예비VIP고객을 위한 특별한 혜택!"
보증_196,청년층의 중장기 자산형성을 위한 적금 상품
보증_197,법인 수수료 우대를 위한 법인 전용 입출금이 자유로운 예금
보증_198,처음 또는 오랜만에 예금이라면! 광주은행에서 굿스타트하세요~ 우대금리 0.4p
보증_199,"함께 모으고 함께 보는 모임자금, 자유롭게 적립하고 급할 땐 유연하게 일부해지(2회)"
보증_200,“맛에 취하다. 전남에 취하다.”
보증_201,광주은행이 전남 청년의 꿈을 응원합니다!
보증_202,적금금리는 기본! ㈜하나투어와의 제휴를 통한 우대서비스까지!
보증_203,상품서비스 안내 받거나 신규 예적금 거래 시 쏠쏠한 우대금리
보증_204,공직선거법에 의한 선거비용을 편리하게 관리 할 수 있도록 수수료를 면제하는 입출금이 자유로운 예금
보증_205,일상속에 저축은 시작되었다! 소액적립 특화상품!
보증_206,「행운박스」에 수시「이벤트」를 시행·판매하는 개인전용 정기예금
보증_207,당행 주택연금 수급고객에게 연금보호전용통장& 각종 수수료면제서비스 제공!
보증_208,상거래의 안전과 편리를 위해 지급자금 출납사무를 은행이 대행하는 예금
보증_209,가계수표를 발행할 수 있는 개인 당좌예금으로 입출금이 자유로운 예금
보증_210,액티브 시니어 고객 맞춤형 통장
보증_211,액티브시니어고객 맞춤형 적금상품
보증_212,수수료3종 면제 혜택을 드려요#조건없이 제한없이
보증_213,＇내통장＇ 하나로 다양한 거래형태에 맞춘 수수료우대혜택 제공
보증_214,아동수당 수령 등 보육과 관련된 우대조건 충족 시 수수료면제서비스를 제공하는 입출금이 자유로운 예금
보증_215,아동·양육수당 수령 등 아동 양육에 관련된 조건 충족시 우대금리를 제공하는 적금상품
보증_216,군인연금수급자에 압류방지기능과 수수료우대서비스를 제공하는 통장
보증_217,법령에 따른 산업재해 보험급여를 수령하는 고객의 수급권을 보호하기 위한 압류방지기능을 지원하는 통장
보증_218,거래조건 충족시 우대금리를 드리는 Youth고객 전용 정기적금
보증_219,Youth고객님께 우대서비스를 제공하는 입출금통장
보증_220,"장병들의 금융지원을 위해 고금리, 국가 지원 1 이자지원금ㆍ매칭지원금 등 혜택을 드리는 적금상품"
보증_221,인터넷 또는 스마트폰으로 간단하게 가입하는 비대면 대표 정기적금
보증_222,인터넷 또는 스마트폰으로 간단하게 가입하는 비대면 대표 정기예금
보증_223,광주은행 주거래고객에게 거래실적에 따라 우대금리를 제공하는 정기적금
보증_224,거래형태에 따른 우대금리 또는 사회소외계층에 대한 우대금리를 제공하는 정기적금
보증_225,목표달성시 우대금리 드리는 자유적립적금#친구소개 #우대금리
보증_226,매월 일정한 금액을 저축하여 목돈을 마련하는 적립식 상품
보증_227,공공 보증기관의 보증서 담보대출을 받는 법인의 보증서대출 실행자금 입금전용계좌
보증_228,정기적으로 소정의 부금을 납입할 의무를 부담하는 적립식 상품
보증_229,"금 관련제품 및 구리,철스크랩등의 부가가치세매입자납부제도 시행에 따라 사업자간 매매대금 결제와 부가세납부를 하는 통장"
보증_230,수시 입출금이 가능한 대표적인 입출금이 자유로운 예금
보증_231,개인(개인사업자 포함)이 가입할 수 있는 입출금이 자유로운 예금
보증_232,예금이자를 미리 계산하여 할인식으로 발행되는 예금증서(등록필증)
보증_233,공무원연금수급고객에게 연금보호전용통장 & 각종 수수료면제서비스 제공!
보증_234,"“해외송금 자동처리하고 환율우대까지!"""
보증_235,정부계약하도급관리시스템을 통한공사대금 관리를 위한 기업통장!
보증_236,국민연금수급자의 연금에 통장압류금지 & 각종 수수료면제서비스 제공!
보증_237,"은행이 보유하고 있는 원어음을 분할, 통합하여 매입인 앞으로 새로이 발행한 약속어음"
보증_238,"여성의, 여성을 위한, 여성에 의한 정기예금"
보증_239,법령에 따른 압류금지 수급금에 대한 압류방지 기능 및 각종 수수료면제서비스를 지원하는 통장
보증_240,거래실적에 따라 아파트관련 우대금리를 제공하는 정기예금
보증_241,통장식CD(양도성예금증서)
보증_242,지방은행(광주/경남/대구/부산/전북/제주)어디에서나 입/출금이 가능한 통장
보증_243,거래금액에 따라 금리가 차등 적용되는 입출금이 자유로운 예금
보증_244,기업의 단기운전자금 운용에 적합한 수시 입출금 예금
보증_245,목돈을 일정기간 동안 예치하여 안정적인 수익을 목적으로 하는 정기예금
보증_246,거래실적에 따라 다양한 수수료면제혜택을 드리는 사업자 전용통장
보증_247,시니어고객을 위한 맞춤형 정기예금상품
보증_248,"추가입금, 분할해지 등이 가능한 맞춤형 정기예금"
보증_249,회전주기에 맞춰 자금을 운용할 수 있는 정기예금상품
보증_250,거래금액에 따라 금리가 차등 적용되는 입출금이 자유로운 예금
보증_251,이자 먼저 받는 정기예금
보증_252,제주지역화폐(탐나는전) 이용하고 우대금리까지 제공되는 적금 상품
보증_253,제주의 가치인 김만덕 수눌음 정신을 발현해 낼 수 있는 자유적립식 적금 상품
보증_254,"-디지털 채널주)로만 가입 가능한 비대면 전용 정기예금 상품주) 인터넷뱅킹, 모바일뱅킹, 모바일웹뱅킹"
보증_255,MZ세대의 목적 자금 마련을 위한 자유적립식 적금 상품
보증_256,"생활비 이체 및 자동납부 거래자에게 필요한 각종 수수료 면제 혜택 및 수신금리·대출금리 우대, 외환수수료 우대 등을 제공하는 입출금이 자유로운 통장"
보증_257,"가맹점 대금 입금 거래자에게 필요한 각종 수수료 면제 혜택 및 수신금리·대출금리 우대, 외환수수료 우대 등을 제공하는 통장입니다."
보증_258,"연금 수급자 및 연금 자동납부 고객에게 필요한 각종 수수료 면제 혜택 및 수신금리·대출금리 우대, 외환수수료 우대 등을 제공하는 통장입니다."
보증_259,"직장인에게 꼭 필요한 각종 수수료 면제 혜택 및 수신금리·대출금리 우대, 외환수수료 우대 등을 제공하는 입출금이 자유로운 통장"
보증_260,쉽게 가입하고 편리하게 이용할 수 있는 전자금융 수수료 및 각종 수수료 면제 혜택을 제공하는 비대면 전용 통장
보증_261,국군재정관리단의 군인연금 수급계좌로 압류방지 전용계좌
보증_262,산업재해보험급여 수급자의 수급권을 보호하기 위한 압류 방지 통장
보증_263,"국군 장병으로 적금 신규일 기준으로 남은 의무복무기간이 6개월 이상이며 가입대상임을 증빙하는 ""장병내일준비적금 가입자격 확인서"" 원본제출한자에게 사회 진출시 학자금 및 취업 준비 등에 이용할 수 있는 목돈 마련하는데 적합한 적금 상품임."
보증_264,"공공 보증기관(신용보증기금, 기술보증기금, 지역신용보증재단 등)의 보증서 담보 대출 실행 자금에 한하여 입금이 가능한 보증서 담보대출 입금 전용 계좌입니다."
보증_265,"법인 업체가 일정 요건(가맹점대금 입금, 4대보험 자동납부, 급여이체, 학원비 등 거래중 어느 하나의 요건) 충족시 각종 수수료면제 및 외환수수료 우대 등을 제공하는 입출금이 자유로운 통장"
보증_266,"법인등록번호가 없는 협회 등 임의단체가 일정 요건(가맹점대금 입금, 4대보험 자동납부, 급여이체, 학원비 등 거래중 어느 하나의 요건) 충족시 각종 수수료면제 및 외환수수료 우대 등을 제공하는 입출금이 자유로운 통장"
보증_267,"여유자금 운용을 위한 정기예금으로 신규(또는 추가입금, 회전기간 시작일)시점의 시장실세금리에 연동하며, 한 통장에서 여러 건의 정기예금을 입금, 분할인출, 해지할 수 있으며 만기일에 내점없이 자동재신규가 가능한 다기능 종합통장식 정기예금 상품입니다."
보증_268,사회취약계층의 경제적 자립을 지원하기 위한 고금리 목돈만들기 상품
보증_269,적용금리를 월복리로 계산하여 고객의 재산형성을 지원하는 자유적립식 상품
보증_270,"- 이어도가 우리의 영토, 제주도의 부속 도서임을 대내·외 홍보를 위한 상품- 고객과 은행 공동으로 기부금 조성, 공동 출연함으로 사회공헌활동에 직접 참여할 수 있는 상품"
보증_271,"자녀에 대한 부모의 소망과 사랑을 ＇행복＇으로 테마화하여 자녀의 세뱃돈, 생일축하금, 기타 용돈등을 수시로 저축할 수 있는 자유적립식 상품으로, 부모와 자녀가 함께하는 ＇생활화된 경제교육＇을 위한 학습자료로도 활용할 수 있습니다."
보증_272,"여유가 있을 때는 언제든지 자유롭게 적립하여 만기일에 원리금을 지급받는 예금으로 소상인, 학생예금 등과 같이 매일매일 예치하여 목돈을 마련하고자 하는 고객에게 유리한 상품입니다."
보증_273,매월 일정금액을 정기적으로 납입하고 만기일에 원리금을 지급받는 예금으로 푼돈을 모아 목돈을 마련하는데 적합한 가장 보편적인 장기 저축상품
보증_274,시장 실세금리에 의한 고금리가 적용되고 자유로운 입출금 및 각종 이체 결제기능이 결합된 단기 상품
보증_275,시장 실세금리에 의한 고금리가 적용되고 자유로운 입출금 및 각종 이체 결제기능이 결합된 단기 상품
보증_276,"각종 단체(모임) 구성원이 편리하게 사용할 수 있으며, 우대 서비스까지 제공 받을 수 있는 멤버쉽 상품입니다."
보증_277,은행예금의 모든 기능을 100% 활용하여 통장 하나로 증권투자와 자금관리까지 할 수 있으며 편리한 증권청약업무와 전문가의 투자조언을 받으실 수 있는 은행업무와 증권거래가 동시에 가능한 입출금 식 예금통장입니다.
보증_278,"국민연금 수급권자의 기본적인 연금수급 권리를 보호하기 위한 수급금 입금전용 압류방지 통장 수급권자의 채무 불이행에 의한 예금 압류시에도 「국민연금법」제58조 등 관련법에 따라 수급권자를 보호하기 위해 예금 압류의 효력을 원천 배제※ 국민연금법 제58조 등 관련 법이라 함은 국민연금법 제54조의2, 제58조, 동법 시행령 제44조, 민사집행법 시행령 제2조를 의미합니다."
보증_279,법령에 따라 압류가 금지되는 수급금에 대한 압류를 방지하기 위한 상품이 통장에 가입하고 수급금이 입금된 경우 수수료 면제혜택 제공
보증_280,공무원연금 수급권자의 기본적인 연금수급 권리를 보호하기 위한 급여수급 전용계좌 압류방지 통장
보증_281,"입출금통장,체크카드,인터넷뱅킹(텔레뱅킹,모바일뱅킹 포함)을 한번에 가입하면 6개월동안 전자금융수수료 면제혜택을 누릴 수 있는 패키지 서비스"
보증_282,"전국 지방은행(경남,광주,대구,부산,전북,제주은행) 모든 점포에서 각종 업무를 한 은행처럼 편리하게 이용할 수 있는 지방은행 공동상품입니다."
보증_283,초중고 자녀들을 둔 학부모들의 학교관련 지출비용 등을 관리하기 위한 상품으로 통장내 지출내역 인자 등의 부가서비스를 제공하는 입출금이 자유로운 상품
보증_284,사업자 성공통장은 2007년 소득세법 개정에 따라 개인 사업자의 금융거래통장을 사업용과 가계용으로 분리하여 개설하고 사업용계좌(Business Account)는 관할 세무서에 신고토록 하는 제도에 맞추어 개발된 상품으로 거래고객 실적에 따라 금리우대 및 수수료 면제 등의 각종 우대서비스를 제공합니다.
보증_285,입출금이 자유로운 예금으로 예금잔액 범위내에서 수시 입출금거래가 가능한 상품
보증_286,이 예금은 일상적인 운영자금 및 일시적 여유자금보관 목적의 입출금이 자유로운 예금입니다.
보증_287,입출금이 자유로운 예금으로 예금잔액 범위내에서 수시 입출금거래가 가능한 상품
보증_288,여유자금을 일정기간 예치하여 안정적인 수익을 올릴수 있는 상품
보증_289,퇴직연금제도 시행에 따라 기업 및 근로자의 퇴직연금의 적립금을 운용하기 위한 정기예금 상품
보증_290,저금리·고령화 시대에 국민의 종합적 자산관리를 통한 재산형성을 지원하고 포트폴리오 투자에 대한 세제혜택 지원을 위해 취급하는 ISA 전용 목적부 정기예금 상품
보증_291,금융기관이 기업으로부터 매입(할인)해 보유하고 있는 상업어음이나 매출채권을 다시 여러장으로 쪼개거나 한데 묶어 액면금액과 이자율을 새로이 설정해 발행하는 어음입니다. 은행의 대표적인 단기상품 중 하나로 1개월 이상 6개월 이내의 단기 여유자금운용에 유리합니다.
보증_292,은행이 양도성을 부여하여 무기명 할인식으로 발행한 정기예금증서를 말합니다. 수익률이 실세금리를 반영하여 비교적 높은 편이며 500만원이상의 목돈을 3~6 개월정도 운용하는데적합한 상품입니다.
보증_293,"입출금이 자유로운 예금을 기본계좌로 하여 거치식예금, 적립식예금 및 대출금 등을 하나의 통장으로 연결시켜 자동대체 거래가 처리되며, 거래실적에 따라 대출이 허용되는 통장의 상품이다."
보증_294,"공직선거(국회의원, 지방선거 등) 입후보자의 선거관리전용 유동성 예금으로 각종 우대서비스가 제공되는 통장"
보증_295,국고금관리법에 의거하여 정부관서가 운영경비를 예치·사용하기 위하여 개설하는 예금입니다.
보증_296,전북은행 첫거래 고객님을 위한 파킹형 입출금통장
보증_297,통장 잔액에 따라 이율이 달라지는 비대면 전용 입출금 통장
보증_298,조건없는 우대혜택을 제공하는 Youth 첫거래 통장
보증_299,한 계좌안에서 여유자금을 별도로 구분하여 보관할 수 있는 입출금상품
보증_300,거래실적에 따라 다양한 우대혜택을 제공하는 주거래고객 전용 입출금 통장
보증_301,만 18세 이하 고객을 위한 유소년 전용 입출금 통장
보증_302,모임서비스와 다양한 우대혜택을 동시에 누리는 모임 전용 통장
보증_303,전북현대모터스 FC 우승기원 입출금 통장
보증_304,종이통장을 발행하지 않는 상품으로 통장 미발행 우대이율을 제공하는 입출금 상품
보증_305,연금수급고객에게 다양한 우대혜택을 제공하는 입출금상품
보증_306,"수시로 입출금이 자유로우며, 비대면에서도 계좌개설이 가능한 거래제한이 없는 상품"
보증_307,"외국인 근로자 및 유학생,결혼이주자 등을 대상으로 다양한 우대서비스를 제공하는 외국인 전용 입출금통장"
보증_308,"수시로 입출금이 자유로우며, 거래제한이 없는 개인전용상품"
보증_309,기초생활 수급권자 가입 고객을 위한 압류방지 전용통장 상품
보증_310,국민연금 수급권자의 기본적인 연금수급 권리를 보호하기 위한 압류방지 국민연금 전용통장
보증_311,디지털채널 전용 미션 수행 추첨형 정기적금 상품
보증_312,매월 꾸준하게 저축하는 비대면 전용 정기적금
보증_313,영업점 방문없이 가입 가능한 고금리 적금 상품
보증_314,첫 거래 및 오픈뱅킹 등 거래실적에 따라 우대금리를 제공하는 단기(6개월) 고금리 상품
보증_315,"월 적립액, 계약기간을 자유롭게 정하여 목돈을 마련할 수 있는 적금 상품"
보증_316,만 18세 이하 고객을 위한 연복리 자유적금! 우대금리에 자유로운 중도인출(계약기간 동안 2회)까지~
보증_317,거래실적에 따라 우대금리를 제공하는 주거래고객전용 자유적금 상품
보증_318,이자에 이자를 더하는 주거래고객 전용 월복리 자유적금 상품
보증_319,"매일, 매주, 매월 고정 지출액 및 여유자금을 수시로 저축하는 소액 재테크 자유적금 상품"
보증_320,적금도 넣고 여행도 가고 캐시백 혜택도 받고 일석삼조 목돈마련 상품
보증_321,JB카드 사용하고 우대금리 받는 고금리 정기적금
보증_322,청년고객 대상 정부기여금과 비과세 혜택을 제공하는 자유적립식 정기적금 상품
보증_323,함께하면 우대금리 UP! 오픈뱅킹 전용 자유적금 상품
보증_324,은퇴(예정)고객의 목돈마련을 위한 적립식 상품
보증_325,저축습관 목표달성을 위한 Youth 전용 자유 적금
보증_326,친환경 활동 시 우대금리를 제공하는 적립식 상품
보증_327,시장 실세금리를 반영하여 최장 60개월까지 적립가능한 적금 상품
보증_328,매월 정해진 날짜에 일정한 금액을 적립하고 만기에 적립 금액과 이자를 한꺼번에 찾는 목돈마련상품
보증_329,자동재예치가 될 때마다 우대금리가 상승하는 정기예금 ( 기본금리는 신규/재예치시점의 고시금리 적용 )
보증_330,영업점 방문없이 가입 가능한 고금리 정기예금
보증_331,함께하면 우대금리 UP! 오픈뱅킹 전용 정기예금 상품
보증_332,거래실적에 따라 우대금리를 제공하는 주거래 고객 전용 정기예금 상품
보증_333,전라북도가 주소지인 만60세이상의 시니어 우대 상품
보증_334,"일정기간 동안 목돈을 예치하여 재산을 증식하는 예금으로 금리우대 혜택이 있는 스마트폰뱅킹, 인터넷뱅킹"
보증_335,"회전기간에 따라 이율을 변동 적용하는 회전식 정기예금으로, 예금 만기재가입에 따른 번거로움을 해소하고"
보증_336,첫 거래 및 오픈뱅킹 등 거래실적에 따라 우대금리를 제공하는 단기(6개월) 고금리 상품
보증_337,행복한 노후설계를 위한 정기예금 상품
보증_338,"정기예금 가입고객에게 선이자를 지급하고, 그 이자를 적금 또는 펀드에 재테크할 수 있는 상품"
보증_339,시장 실세금리를 반영하여 3년까지 확정금리 제공
보증_340,중도해지시에도 예치기간에 따라 일정이율이 보장되는 정기예금
보증_341,시드머니의 스마트한 활용법
보증_342,"금융스타일에 맞는 우대금리를, 자금이 필요할땐 특별분할해지를"
보증_343,짠테크의 시작 매영업일 나를 위한 작은 절약 실천
보증_344,함께하면 높은 금리가 제공되는 자유적금 상품
보증_345,가입만으로도 이체수수료 무제한면제
보증_346,청년의 자산형성 지원을 위한 정책형 금융상품
보증_347,감사한 주거래 고객님께 우대금리를 드려요
보증_348,짧은 예금 기간도 OK 부담없이 가입하세요
보증_349,만원부터 저축습관 만들어가요
보증_350,민영주택 및 국민주택 모두 청약 가능한 만능통장
보증_351,다양한 조건별 우대금리 제공되는 개인고객 특화 적금상품
보증_352,연금받는 고객들을 위한 정기적금 상품으로 연금실적 등을 통해 우대이율 제공
보증_353,연금받는 고객을 위한 정기예금 상품
보증_354,주거래 시 우대이율을 제공하는 주거래 고객 우대 적금 상품
보증_355,전 회차 납입하여 만기 해지 시 우대금리 제공되는 대학생 및 청년전용 적금상품
보증_356,창원시 근로청년을 위한 경남은행 창원시 협약 상품
보증_357,거래조건별 우대이율이 제공되는 자유적금 상품
보증_358,가입당시 금리가 만기까지 확정되는 시장실세금리 연동형 정기예금 상품
보증_359,매월 일정액을 적립하여 목돈을 마련할 수 있는 상품으로서 1개월 이상 5년 이내에서 월 단위로 기간을 정할 수 있는 적립식 저축입니다.
보증_360,100원으로 1개월부터 가능한
보증_361,경상남도 근로청년을 위한 경상남도 협약 상품
보증_362,연금을 받는 고객에게 차별화된 서비스를 제공하는 입출금이 자유로운 예금
보증_363,조건에 따라 비과세 및 우대이율이 제공되는 상품
보증_364,"기초생활수급자, 소년소녀가장, 근로장려금 수급자, 한부모가족지원 보호대상자, 다문화가정부부, 청년내일채움공제 가입중인 자, 장애인의 목돈 마련을 위한 상품입니다."
보증_365,만 19세 미만 미성년자 대상으로 첫 거래고객 등에 우대이율을 제공하는 자유적립식 상품
보증_366,매월 일정액 납입으로 목돈 마련할수 있는 저축 상품
보증_367,최장 15년 이내에서 1년 단위로 자동재예치 되는 정기예금 상품
보증_368,"직장인, 사업자, 주부 등 가입자격에 상관없이 누구나 가입 가능하고, 본인에게 가장 적합한 거래조건 충족시 수수료 우대서비스를 제공하는 입출금이자유로운예금"
보증_369,입출금이 자유로운 통장식 예금입니다.
보증_370,장병의 목돈 마련을 지원하는 적립식 예금상품
보증_371,하루만 맡겨도 100만원까지 연 최대 3% 이자를 드려요
보증_372,단 하루를 맡기셔도 금액별로 정한 이자를 받을 수 있고 입출금도자유롭게 할 수 있는 MMDA형 상품입니다.
보증_373,가계의 단기자금을 맡기고자 할때 적합한 입출금이 자유로운 통장식 예금입니다.
보증_374,사업자 등록증을 소지한 사업자 특화 적립식 상품으로 당행 거래실적에 따라 다양한 우대 금리를 제공하는 적립식 예금상품입니다.
보증_375,예금잔액별 차등금리를 적용하는 예금으로 예금잔고 범위 내에서 수시 입출금거래가 가능한 상품입니다.
보증_376,입금되는 공무원연금에 대하여 압류 및 상계 등이 방지되는 입출금 상품입니다.
보증_377,압류방지 전용통장입니다.
보증_378,법인고객에게 수수료 우대혜택을 제공하는 법인전용 입출금이자유로운예금
보증_379,지방은행 전 영업점에서 입출금 거래를 할 수 있는 편리한 종합통장식 예금입니다.
보증_380,입금횟수에 제한없이 수시로 입금할수있는 기한부 자유 적립식 저축입니다.
보증_381,개인사업자 전용 입출금식 통장
보증_382,"아파트관리비를 납부하는 아파트 입주민과 집금계좌를 사용하는 관리사무소에 수수료면제, 발전기금 출연 등 우대서비스를 제공하는입출금 통장입니다."
보증_383,"국민연금 급여가 생활비로 사용될 수 있도록 압류가 금지되고, 연금수령 실적이 있는 경우 수수료 면제 서비스를 제공하는 국민연금 압류 방지 입출금이 자유로운 통장입니다."
보증_384,산재보험금 수급자의 수급권을 보호하기 위한 압류방지 전용통장
보증_385,"외국인근로자, 유학생 부모 등이 해외 송금시 금액 및 송금일을 다양하게 지정하여 자동이체가 가능한 해외송금 전용통장입니다."
보증_386,당좌수표와 약속어음을 발행하여 각종 지급수단으로 사용할 수 있는 예금으로 필요한 경우에는 대출도 받을 수 있는 편리한 예금입니다.
보증_387,"군인연금 급여가 생활비로 사용될 수 있도록 압류가 금지되고, 군인연금 수령 실적이 있는 경우 수수료 면제서비스를 제공하는 군인연금 압류방지 전용통장"
보증_388,선거에 출마하는 입후보자를 위해 우대서비스를 제공하는 입출금이 자유로운 예금
보증_389,"가계 또는 상거래상 안전,편의를 위해 금전출납을 은행에 대행시키고자 그 지급자금을 예치하고"
보증_390,기명할인식으로 발행되어 배서로 제 3자에게 양도할 수 있는 상품입니다.
보증_391,은행이 보유하고 있는 매도대상 유가증권을 담보로 하여 고객의 여유자금을 운용하고 만기일에 약정이자를 지급하는 상품입니다.
보증_392,"통장식 또는 무기명 할인식으로 발행이 되는 예금이며, 무기명 할인식으로 발행될 경우에는 자유롭게 제3자에게 양도할 수 있는 증서식 예금입니다. 통장식의 경우 제3자에게 양도시 은행의 동의 필요"
보증_393,근로자퇴직급여보장법에 의한 원리금 보장 상품으로 운용하고자 하는 고객에게 적합한 상품
보증_394,개인사업자 및 법인고객 전용 상품
보증_395,개인사업자 및 법인고객 전용 상품
보증_396,구직촉진수당 등 관련 법령에 의거한 수급금만 입금이 가능한 압류방지 전용 입출금이 자유로운 예금
보증_397,새마을금고 스마트뱅킹 앱인 MG더뱅킹에서만 가입이 가능한 상품으로 거래실적에 따른 우대금리를 제공하는 자유적립식예금
보증_398,새마을금고 스마트뱅킹 앱인 MG더뱅킹에서만 가입이 가능한 상품으로 거래실적에 따른 우대금리를 제공하는 정액적립식예금
보증_399,새마을금고 스마트뱅킹 앱인 MG더뱅킹에서만 가입이 가능한 상품으로 거래실적에 따른 우대금리를 제공하는 거치식예금
보증_400,만 50세 이상 만 70세 미만(5060세대) 황혼육아를 담당하는 등의 ＇제2의 청춘＇ 분들을 일정조건 충족 시 우대(우대이율+수수료 혜택)하는 입출금이자유로운예금
보증_401,영유아 및 아동(만6세 이하) 등을 가입대상으로 하며 계약기간동안 매월 일정한 날에 일정금액을 정기적으로 납입하고 만기일에 이자와 원금을 지급하는 정액적립식 예금
보증_402,비대면 실명확인을 거친 후 비대면개설 한도제한계좌로 가입이 가능하며 일정 요건 달성시 수수료 면제서비스를 제공하는 입출금이 자유로운 예금을 말한다.
보증_403,군인연금급여만 입금이 가능한 군인연금 압류방지전용 입출금이 자유로운 예금
보증_404,꿈을 실현하기 위하여 출발하는 청장년층을 가입대상으로 하며 계약기간 동안 매월 일정한 날에 일정금액을납입하고 만기일에 이자와 원금을 지급받는 정액적립식 예금
보증_405,산재보험급여만 입금이 가능한 산재보험급여 압류방지전용 입출금이 자유로운 예금
보증_406,계약기간을 마음대로(일단위) 지정할 수 있는 거치식 예탁금(3년 내)
보증_407,회전주기별 변동금리 및 회전주기별 거래실적에 따라 우대금리를 적용
보증_408,보훈 관련 5개법률에서 정하는 보훈급여금 및 수당만 입금이 가능한 압류방지전용 입출금이 자유로운 예금.
보증_409,"이 예금은 월평잔, MG체크카드 결제실적, 공과금 자동이체, 아파트관리비 자동이체,급여이체, 대출 이용실적 등에 대한 일정 조건에 해당하는 경우 수수료 면제서비스 제공과 금고가 정하는 잔액구간별 이율을 적용하는 입출금이 자유로운 예금을 말한다."
보증_410,"새마을금고와 주거래(장기 출자, MG체크카드, 공과금 자동이체, 급여 또는 4대연금 이체, 공제료이체, 대출 거래)를 하는 고객에게 실적에 따라 우대이율을 제공하는 자유적립식 적금 상품"
보증_411,일정조건에 해당되는 경우 수수료 면제 서비스 제공과 우대이율을 적용하고 통장에 가계부 기능을 도입한 여성전용 입출금이 자유로운 예금
보증_412,거치식이면서 추가입금 및 건별인출이 가능한 복합형태의 예금
보증_413,직장인들을 위한 급여수령 전용 통장으로 일정요건을 만족시 각종 수수료 우대서비스를 제공하는 입출금이 자유로운 예금
보증_414,"평잔, MG체크카드, 공과금자동이체, 아파트관리비, 적립식적금 자동이체, 4대연금 입금실적 등 생활비 자금의 거래실적에 따른 수수료 우대서비스를 제공하는 입출금이 자유로운 예금"
보증_415,일정조건에 따라 수수료면제 및 우대이율이 적용되는 20대 전용 입출금이 자유로운 예금
보증_416,"자영업자, 신용카드 가맹점, 온누리상품권 취급가맹점 등 개인사업자 전용상품으로서 일정조건에 따라 수수료면제가 적용되는 입출금이 자유로운 예금"
보증_417,"조달청, 서울시, 기타지방자치단체 및 공공기관을 통해 발주한 공사 등 도급계약과 관련한 대금, 임금 등이 하도급자 및 근로자에게 기한 내에 집행될 수 있도록 관리하기 위하여 조달청이 제공하는 “정부계약 하도급 관리시스템(하도급지킴이시스템)”을 이용하기 위한 전용통장"
보증_418,계약기간 내에서 회전주기 단위로 이율이 변동 적용되는 정기예탁금
보증_419,국민연금급여만 입금이 가능한 국민연금 압류방지전용 입출금이 자유로운 예금
보증_420,"MG체크카드 최초신규, 인터넷뱅킹 최초신규, 공과금자동이체 실적, 신규회원(출자금 개설) 등 가입 조건에 따라 최대 0.3%~0.5%까지 우대이율이 제공되는정액적립식 예금"
보증_421,"월복리로 이자를 계산해 주는 자유적립식 예금으로 가입조건에 따라 최대 연 0.3%~0.5%까지 우대이율이제공되며 스마트뱅킹, 인터넷뱅킹에서만 가입이가능한 온라인전용상품"
보증_422,"매 납입액을 월복리로 계산하며 가입조건에 따라 최대 0.7%까지 우대이율이 제공되며 총납입액 3,000만원 한도 내에서 납입횟수에 제한이 없는 자유적립 적금"
보증_423,"가입금고의 신규회원에게 우대이율을 지급하며,모집금액 달성 및 가입금액별로 차등이율이 적용되는 정기예금"
보증_424,압류가 되지 않는 기초생활수급자 급여수령 전용 입출금이 자유로운 예금
보증_425,"12개월 회전주기로 이율이 변동되는 상품으로회전기간 가산이율 및 졸업, 학교장명의 상장수상,자원봉사 등의 사유발생시 가산이율을 적용하는 적금"
보증_426,금액에 따라 차등이율이 적용되는 수시입출금식 예금
보증_427,3년이상 불입 후 중도해지하여도 3년에 대해서는 정상이율 지급하는 상품
보증_428,"거래대상자, 금액에 제한없이 언제나 입출금이 가능한수시입출금식 예금금액, 기간 등에 관계없이 단일 이율 적용"
보증_429,"거래대상자, 금액에 제한없이 언제나 입출금이 가능한수시입출금식 예금"
보증_430,금액에 따라 차등이율이 적용되는 수시입출금식 예금
보증_431,매일매일 적립하거나 파출수납을 활용하여 저축할수 있는 예금으로 단기 목돈 마련이 가능한 자유적립식 예금
보증_432,불특정금액을 수시로 납입하였다가 만기에 목돈을 받는 예금
보증_433,계약기간동안 일정한 날에 일정 금액을 정기적으로 납입하고 원리금을 받는 예금
보증_434,일정금액을 일정기간동안 예치하고 만기에 이자와원금을 지급하는 기한부 예금
보증_435,"1~2개월 초단기, 최고 연 5%의 고금리가 제공되는 재미요소 가미된 모바일 전용 적금상품"
보증_436,"종이통장 미발행, 친환경 활동 및 기부 참여 시 우대혜택 제공과 환경보호 캠페인을 추진하는 ESG연계 정기예금"
보증_437,"&#034중년층 고객을 위한 우대이율 및 부가서비스 제공과 추가입금, 분할해지,자동 재예치 서비스로 효율적 목돈 관리를 제공하는 정기예금&#034"
보증_438,"&#034보너스 입금, 비상금 출금, 자동 재예치, 만기 자동해지 서비스로 편리한목돈 활용이 가능한 디지털 정기예금&#034"
보증_439,매일매일 쉽고 간편하게 저축하기
보증_440,"여행자금, 모임 등 목돈 마련을 위해 여럿이 함께 저축 할수록 우대혜택이 커지고 다양한 우대 서비스를 제공하는 적립식 예금상품"
보증_441,"대학생ㆍ취업준비생ㆍ사회초년생의 안정적인 사회 진출 지원을 위해 금리우대, 수수료 면제, 창구소포할인쿠폰 등 우체국만의 다양한 특별혜택을 제공하는 청년우대 공익 상품"
보증_442,"우편 계약고객(우체국택배, 쇼핑, EMS) 및 예금 우수고객을 우대하고, 회전기간별 변동금리, 이자수령 등으로 고객의 탄력적인 목돈운용이 가능한 정기예금"
보증_443,PostPay를 통한 간편결제 및 간편송금 이용 실적에 따른 우대혜택 및 소상공인ㆍ소기업대표에게 우대금리를 제공하는 통장
보증_444,"금융 소외계층인 시니어 고객 대상으로 기초연금, 급여, 용돈 수령 및 체크카드 이용 시 다양한 서비스를 제공하는 특화 통장"
보증_445,"우체국예금 장기고객, 우수고객을 우대하며 급여, 연금, 공과금 자동이체 등 주거래 실적에 따라 우대혜택이 커지는 적립식 상품"
보증_446,"우체국포인트를 제공하는 우체국 대표 수시입출식 통장, 조건 없는 베이직 패키지"
보증_447,"우체국포인트를 제공하는 우체국 대표 수시입출식 통장, 주니어 우대 패키지"
보증_448,"우체국포인트를 제공하는 우체국 대표 수시입출식 통장, 직장인 우대 패키지"
보증_449,"우체국포인트를 제공하는 우체국 대표 수시입출식 통장, 실버 우대 패키지"
보증_450,「근로자퇴직급여보장법」에서 정한 자산관리업무를 수행하는 퇴직연금사업자를 위한 전용 상품
보증_451,"단기간을 예치해도 높은 금리를 적용하는 고수익 상품으로 적당한 투자처를 찾기까지의 단기간 운영상품으로 유리하며, 예금액별로 금리를 차등 적용하는 기업 전용 입출금이 자유로운 예금"
보증_452,"20-40대 봉급생활자와 카드 가맹점, 법인 등의 안정적 자금운영을 위한 정기예금"
보증_453,"20-40대 봉급생활자와 신용카드 가맹점, 법인 등의 자유로운 목돈 마련을 위한 자유적립식 예금"
보증_454,500만원 이상 가입한 고객에게 우대이율을 제공하는 인터넷·스마트뱅킹 전용 정기예금 상품
보증_455,"통장 발행없이 인터넷뱅킹, 스마트뱅킹, 자동화기기 등 전자금융 채널로 거래할 수 있는 전자금융 전용 통장"
보증_456,가입기간을 자유롭게 선택할 수 있는 고객맞춤형 상품으로 자금운영에 유리한 정기예금
보증_457,금액별 차등 금리를 적용하는 입출금이 자유로운 단기 고금리 적용하는 개인 전용 MMDA통장
보증_458,일정기간 매월 일정금액을 납입하여 목돈 마련의 기회를 부여하는 적금 상품
보증_459,개인이 개설하는 예금으로서 예입과 지급이 자유로운 통장
보증_460,일정 금액을 일정기간을 동안 예치하는 정기예금 상품
보증_461,가입대상에 제한이 없고 예금자의 요구에 따라 언제든지 입·출금이 가능한 통장
보증_462,자유롭게 자금관리가 가능한 하나원큐(스마트폰 뱅킹) 전용 정기예금
보증_463,"노후자금, 생활자금, 재투자자금까지! 행복knowhow 연금예금으로 설계하세요!"
보증_464,목돈을 일정기간 동안 예치하여 안정적인 수익을 추구하는 예금
보증_465,만기일 이전이라도 양도가 가능하여 단기자금운용에 적합한 시장성 예금
보증_466,은행이 보유한 원어음(상업어음 또는 무역어음)을 근거로 발행하는 배서양도 가능한 어음
보증_467,서울보증보험의 보증서 발급 담보용 정기예금
보증_468,급여 하나로 우대금리 OK! 월복리로 이자에 이자가 OK!
보증_469,"저축금액, 만기일, 자동이체 구간까지 내맘대로 디자인하는 DIY 적금"
보증_470,연금 하나로 우대금리 OK! 월복리로 이자에 이자가 OK!
보증_471,"공과금, 카드대금 이체 등 각종 주거래 건수에 따라 우대금리 OK!"
보증_472,보물단지 우리아이를 위한 적금!
보증_473,내집 마련의 꿈을 하나은행이 더블(Double) 금리로 응원합니다 !
보증_474,나의 걸음수에 따른 우대금리 혜택! 걸음수 UP!금리도 UP!
보증_475,"내집마련의 모든것, 주택청약종합저축으로 모두 해결. 재테크에서도 기본은 주택청약! 2년 이상 가입할 경우 파격적인 금리까지 덤으로~"
보증_476,지역경제 활성화 및 소외계층 지원을 위한 적립식 예금 상품
보증_477,지정단체에 사랑과 나눔을 실천할 수 있는 적금
보증_478,트래블로그 카드 사용 실적으로 우대금리를 제공하는 하나원큐(비대면)전용 상품
보증_479,"아동 양육을 위한 수당(영아[부모급여],아동,양육수당) 수급자 및 임산부 대상 우대 금리를 제공하고, 다자녀 가구 대상 특별 우대금리를 제공하는 상품"
보증_480,"하나원큐 로그인 횟수 & 하나 합 서비스 등록에 따라 우대금리 받고, 적금 모아서 예금으로~ 예금이 모여서 목돈을 제공하는 상품"
보증_481,지금은 저축할 타이밍! 게임하듯 재밌게 타이밍 버튼을 터치하여 저축시 우대금리가 제공 되는 상품
보증_482,군복무중인 직업군인 전용 적금
보증_483,보건복지부 『자산형성지원 통장사업 (운영지침)』에서 정한 대상자가 자산을 형성할 수 있도록 적립금 납입시 정부지원금을 지원하는 적립식 상품
보증_484,보건복지부 『자산형성지원 통장사업 (운영지침)』에서 정한 대상자가 자산을 형성할 수 있도록 적립금 납입시 정부지원금을 지원하는 적립식 상품
보증_485,고객센터를 통해 가입하는 손님케어센터 전용적금
보증_486,계약기간 동안 수시로 적립할 수 있는 자유적립식 상품
보증_487,"청년들의 목돈마련과 내 집 마련을, 청년 우대형 주택청약종합저축으로 시작하세요~"
보증_488,군 복무기간 중 목돈마련 지원을 위한 국군장병 전용 적립식 상품
보증_489,대전광역시 청년기본조례에 따른 『미래두배청년통장 사업운영지침』에서 정한 대상자가 자산을 형성할 수 있도록 적립금 납입시 시지원금을 지원하는 적립식 상품
보증_490,"통일부, 북한이탈주민지원재단(이하 “기관” 이라 함)으로부터 지원대상자로 승인 받은 북한이탈주민이 목돈 마련을 위해 적립금을 납입 하면, 정부지원금 관리기관에서 정부지원금을 추가로 적립하고, 법령이 정한 요건 충족 시 정부지원금을 지급받을 수 있는 상품"
보증_491,미소금융대출 및 채무조정 성실상환자의 자산형성상품
보증_492,정액적립방식 또는 자유적립방식을 선택하여 적립하고 만기에 목돈을 마련하는 상품
보증_493,보건복지부 『자산형성지원 통장사업(운영지침)』에서 정한 대상자가 자산을 형성할 수 있도록 적립금 납입시 정부지원금을 지원하는 적립식 상품
보증_494,"연금 하나면 된다! 국민연금, 기초(노령)연금 등 매월 받는 연금통장으로 딱 맞는 통장!"
보증_495,"이체거래 하나면 된다! 카드대금, 공과금 등 매월 간단한 이체거래로 수수료면제서비스가 제공되는 우리집 생활비 통장!"
보증_496,"우대 금리도 받고, 수수료는 무제한 면제되는 통장!"
보증_497,청년의 경제적 자립과 안정적 금융생활을 지원하는 상품
보증_498,네이버페이 머니 하나 통장 서비스 이용 시 우대금리를 제공하는 통장
보증_499,"구직자의 취업 촉진을 위해 지급하는 구직촉진수당, 취업활동비용, 취업성공수당의 수급권리를 보호하기 위한 압류방지 전용통장"
보증_500,주택담보 노후연금 수급자의 연금수급권리를 보호하기 위한 압류방지 전용통장
보증_501,가맹점 매출대금 결제계좌 포함 각종 이체거래를 하는 주거래 개인사업자 고객에게 수수료 우대서비스를 제공하는 입출금이 자유로운 통장입니다.
보증_502,지역경제 활성화 및 소외계층 지원을 위한 입출금이 자유로운 예금 상품
보증_503,국민연금을 수령하는 수급자 통장의 압류금지로 노후 생활에 안정을 기여합니다.
보증_504,산업재해보험급여가 생활비로 사용될 수 있도록 수급자의 기본적인 보험수급 권리를 보호하기 위한 압류방지 전용통장
보증_505,건설근로자가 퇴직시 건설근로자공제회에서 지급받는 퇴직공제금의 수급권리를 보호하기 위한 압류방지 전용통장
보증_506,공무원연금 수급자의 기본적인 연금수급권리를 보호하기 위한 압류방지 전용통장
보증_507,"『하도급관리시스템』을 통해, 발주한 공사 또는 사업의 대금 및 임금이 하도급자와 근로자에게 기간내 집행될 수 있도록 하기 위한 지급이체 시스템 전용 통장"
보증_508,가입대상 및 예치한도 제한이 없는 수시 입출금 예금
보증_509,증권사에 방문하지 않고서도 증권사의 주식(현물)거래 계좌를 은행에서 신규가 가능합니다.
보증_510,기업의 일시여유자금 운용에 적합한 수시 입출금 예금
보증_511,국가에서 지급하는 각종 복지급여의 수급권리를 보호하기 위한 압류방지 전용통장
보증_512,입출금이 자유로우면서도 높은 수익을 얻을 수 있습니다.목돈을 12개월 미만의 기간으로 운용시에 적당한 상품이며 가입기간이나 가입한도에 제한이 없습니다.
보증_513,"기본금리 1년 1.5%(연, 세전) 제공! 씨티 계좌간 자동이체로 적립하면 0.3% 우대금리 제공하는 적립식 예금"
보증_514,"씨티은행에서 제공받는 자산관리서비스 등급이 높아질수록, 추가 우대금리도 올라가는 여유자금 파킹통장"
보증_515,매월 자동이체 실적이 있으면 디지털뱅킹 및 국내은행 ATM 인출 · 이체 수수료 면제
보증_516,최초 가입 시 최대 3개월 신규가입우대금리 제공 외화예금/펀드/신탁상품 실적에 따른 우대금리
보증_517,"이자의 지급방식을 만기지급식과 이자지급식 중 선택 가능하고, 만기지급식의 경우 최종 회차 포함 3회까지 분할해지가 가능한 정기예금"
보증_518,최초 가입 시 최대 3개월 신규가입우대금리 제공 거래실적이 많을수록 높아지는 금리
보증_519,하루만 맡겨도 착한 금리가 착착 매일의 최종 잔액을 기준으로 잔액 구간별 금리 제공
보증_520,여유자금을 효율적으로 운용할 수 있는 입출금이 자유로운 예금으로 투자자금의 예치 및 재테크 수단으로 활용할 수 있는 상품입니다.
보증_521,만 18세 이하 미성년자 전용 적금상품. 용돈 우대 이율 및 산타클로스의 선물 추가이율 제공하는 자유적립식 예금
보증_522,"생일, 결혼, 출산 등 기쁜 날마다 추가금리를 제공하는 자유적립식 예금"
보증_523,"참 착한 기업 통장은 법인과 개인사업자의 일시 여유 자금을 은행에 예치하여 수시로 입출금을 편리하게 이용할 수 있고, 매일의 최종 잔액에 따라서 높은 금리 혜택이 제공되는 상품입니다. 전월 평균잔고가 500만원 이상인 경우 수수료 면제 혜택을 제공하여 거래의 편의를 도모해 드립니다."
보증_524,언제나 자유롭게 입출금 가능한 예금
보증_525,국민연금 수급자로서 급여를 받는 분의 기초 생활을 보장하기 위하여 타인에 의해 압류가 불가능 하도록 하여 예금을 보호해 주는 상품입니다.
보증_526,기초 생활을 보장하기 위하여 타인에 의해 압류가 불가능하도록 하여 예금을 보호해 주는 상품
보증_527,서민의 재산형성을 돕기 위한 적립식 상품입니다.
보증_528,"만기 범위 내에서 회전주기 설정하면 만기까지 자동갱신 미화(USD), 유로화(EUR), 엔화(JPY)로 개설 가능"
보증_529,인터넷/모바일 전용 외화 정기예금 신규 및 해지 시 환율우대 제공
보증_530,최대 6개 통화를 한 계좌로 관리하는 외화 입출금 통장 11가지 통화 중 원하는 통화 선택 가능
보증_531,"‘참 편리한 자동해외송금’은 ‘참 편리한 자동해외송금 통장’에 송금 하고자 하는 금액을 원화로 입금하면, 입금 당일 자동으로 현지 통화(또는 지정 통화)로 해외 송금이 이루어지는 상품"
보증_532,복잡하지 않고 간단한 적금
보증_533,20대 버킷리스트 목돈 마련을 위해 GO!
보증_534,안정적인 노후자금 운용을 위한 예금
보증_535,안정적인 노후자금 운용을 위한 예금
보증_536,안정적인 노후자금 마련을 위한 적금
보증_537,급여이체실적만으로 더 많은혜택을!
보증_538,"20대 버킷리스트, 자투리 돈 꾸준히 모으자"
보증_539,손자녀 증여자금 마련을 지원하는적금
보증_540,주거래고객님께 더 높은 우대금리를!
보증_541,주거래고객님께 더 높은 우대금리를!
보증_542,우리은행 대표 정기적립식 상품으로 높은 기본금리와 우대혜택으로 금리경쟁력 높은 상품
보증_543,우리닷컴통장은 통장실물을 사용하지 않는 인터넷 전용 통장
보증_544,급여이체를 하는 직장인들에게 수수료 면제 및 다양한 부가서비스 혜택 제공
보증_545,우리아이의 저축습관! 핑크퐁과 아기상어 통장으로 길러주세요!
보증_546,은행 거래에 따른 우대항목 충족 시수수료 우대 제공!!
보증_547,우리아이 청약저축 통장귀여운 핑크퐁과 함께!
보증_548,주택마련의 시작!주택청약권이 주어지는 상품
보증_549,"31일, 100일, 200일동안감정을 기록하면 우대금리를 받을 수 있는심플하고 재미있는 적금!"
보증_550,청년의 목돈마련을 위한 적금
보증_551,아시아나항공 마일리지를 함께 모을 수 있는 달러적립예금
보증_552,예적금 미보유 고객에게 우대금리 혜택을 주는
보증_553,개인사업자 전용 자립자금 지원을 위한 상생 정기적금
보증_554,걸음 수에 따라 우대금리 혜택을 받을 수 있는 적금 상품
보증_555,경찰청 지문사전등록 고객에게 우대금리를 제공하는 자유적금
보증_556,무주택 청년의 내 집 마련 꿈을 응원하는 통장
보증_557,기간도 금액도 내맘대로 예금
보증_558,"국제항공운송협회(IATA) 회원사와 항공화물 취급 사업자 전용수신수수료, 외환수수료, 환율우대 혜택까지 드리는 자유입출식 통장"
보증_559,"국제항공운송협회(IATA) 회원사와 항공화물 취급 사업자 전용수신수수료, 외환수수료, 환율우대 혜택까지 드리는 자유입출식 통장"
보증_560,국민연금을 받으시면전기통신 금융사기 보험과여행패키지무료 제공
보증_561,우리은행 첫거래 고객을 우대하는 비대면 전용예금
보증_562,영업점별 특판적금
보증_563,오픈뱅킹 서비스 이용 시 금액구간별 최대 연 1.0%를 제공하는 파킹통장
보증_564,고용노동부로부터 지급되는 구직촉진수당 등을 수급하며 압류가 방지되고 수수료면제 혜택을 제공하는 통장
보증_565,대중교통 이용 및 환경보호 실천운동 달성 시 우대혜택
보증_566,종이통장 미발행 및 사회적 배려대상자 수수료 혜택!!
보증_567,$1부터 모을 수 있는 USD전용 자유적립예금
보증_568,주택연금 월지급금(건별 185만원까지)의 압류 방지 통장
보증_569,근로복지공단으로부터 지급되는 체당금을 수급하며 압류가 방지되고 수수료면제 혜택을 제공하는 통장
보증_570,유튜브 광고 수익 입금으로 더 많은 혜택을!
보증_571,결제할수록 금리가 올라가는 최고 연 7.0% 고금리 적금(최저 연 2.0% ~ 최고 연 7.0% (2023.04.14. 세금 납부 전))
보증_572,최고 연 8.0% 고금리 적금(최저 연 2.5% ~ 최고 연 8.0% (2023.04.14. 세금 납부 전))
보증_573,복잡한 우대금리조건 NO! Only 급여 이체!
보증_574,"만기일을 일, 월 단위로 자유롭게 선택 가능한 정기예금"
보증_575,법인/개인사업자 전용예금
보증_576,기업고객(개인사업자 포함)전용
보증_577,가입한 동료가많을수록 금리 UP!
보증_578,중견기업 거래실적 등에 따라 +&alpha 우대금리가 제공되는 입출식 통장
보증_579,가맹점매출대금 입금 시수수료 면제 및 우대금리 제공
보증_580,"국군재정관리단에서 지급되는 연금금액 중 185만원 까지 압류가 방지되며, 연금수령이 있는 경우 수수료면제 혜택을 제공하는 통장"
보증_581,계좌 개설만으로도 수수료 면제 WON하던 통장!
보증_582,연금수급 고객에게차별화된 서비스 제공
보증_583,급여소득 고객에게차별화된 서비스 제공
보증_584,외화체크카드 결제계좌 USD 외화보통예금
보증_585,대한민국 의무복무 장병들의 목돈마련을 위한 고금리 적금
보증_586,청년의 주거안정과 목돈마련 기회를 제공하는 청약상품
보증_587,중소기업 전용 자유적립식 예금
보증_588,중소기업 전용 거치식 예금
보증_589,거래 할수록 추가되는수수료 혜택!
보증_590,"공공기관의 공사대금을 수령하는 원, 하도급자 대상의 전용 통장 상품"
보증_591,"편의점 운영 개인사업자분들께 금융수수료 기본면제(월 10회) 우대조건 충족시, 금융수수료 전액 면제!! (인터넷/스마트/텔레뱅킹, 자동화기기 등)"
보증_592,"조세특례제한법 제106조의 4, 제106조의 9에 따라 &ldquo금 사업자&rdquo 및&ldquo스크랩 등 사업자&rdquo의 매매대금의 결제와 부가가치세 납부 지원"
보증_593,안정형부터 고위험까지 다양한 금융상품을담아 관리할 수 있는절세종합통장
보증_594,"국가보훈처에서 지급하는 보훈급여금, 고엽제수당, 참전명예수당 등의 수급권자의 권리를 보호하기 위한 압류방지 통장"
보증_595,은행계좌의 편리함에 CMA의 고수익을 더해 재테크에 보탬이 되는 상품
보증_596,【신탁형】개인종합자산관리계좌(ISA)
보증_597,"공무원연금공단에서 지급되는 연금금액 중 185만원까지 압류가 방지되며, 연금수령 실적이 있는 경우 혜택을 제공하는 통장"
보증_598,미소금융대출 성실상환자 및 채무조정 성실상환자 대상 재산형성 지원을 위한 상품
보증_599,입출금이 자유로운 위안화(CNY) 보통예금
보증_600,만기까지 자유롭게 입금 가능한 위안화 예금
보증_601,회전주기 단위 복리 계산 위안화 정기예금
보증_602,금리가 3개월마다 CD(91일)금리에 따라 변경 적용
보증_603,"건설근로자공제회와 업무협약하여 일용직 건설근로자의 ""퇴직공제금"" 수급권 보호를 위한 압류방지통장!"
보증_604,신용카드 가맹점대금 입금계좌로 사용하고자 하는 사장님께 금리혜택 및 수수료 면제혜택 제공
보증_605,사회소외계층의 자산형성을 돕기 위한 적금
보증_606,"급여이체를 하는 직장인들에게 금리우대, 수수료 면제 혜택 제공"
보증_607,효율적인 외화 매입 간편한 적립식 외화예금
보증_608,본 통장은 법원의 압류결정통지에 대하여 원천적으로 압류가 방지됩니다.
보증_609,"고용노동부로부터 지급되는 실업(구직)급여만 입금가능한 통장으로, 본 통장에 대해서는 압류가 되지 않음"
보증_610,근로복지공단에서 지급되는 산재보상금 수급 전용 압류방지 전용통장
보증_611,우대금리를 기부하는 착한통장
보증_612,만기시 기부하면 우대금리가 플러스 되는 적금
보증_613,[기업자유예금 전환가능]아이사랑카드/아이행복카드/우리국민행복카드 가맹점 결제계좌 등록시 우대혜택을 제공하는 입출금이 자유로운 예금
보증_614,금리 변동주기 복리이자 장기예치 추가금리까지
보증_615,"정부에서 지원하는 기초생활보장급여, 기초연금, 장애인연금, 장애(아동)수당, 한부모가족지원급여, 요양비, 긴급복지지원금, 어선원보험급여, 특별현금급여, 아동(영아)수당, 소기업·소상공인 공제금, 자립수당, 재난적의료비 지원금, 의료급여가압류되지 않는 압류방지 통장"
보증_616,CD는 은행 등록·발행되는 양도성예금증서를 말합니다.
보증_617,"수시 입출금이 가능하고 결제계좌(공과금, 카드, 자동이체금액 등) 기능은 물론, 잔액이 크면 클수록 높은 금리를 드리며, 100일 초과시엔 더 높은 금리로 입금시점부터 이자를 계산해서 드리는 예금입니다."
보증_618,퇴직연금 가입자만을 위한 평생서비스
보증_619,원하는 기간동안 자유롭게 목돈 굴리기
보증_620,금리 변동 복리식 외화 자유적립 상품
보증_621,"복리의 마술을 경험해 보세요! 고객님께서 상품명, 회전주기, 약정기간, 납입금액, 납입주기 등을 자유롭게 정할 수 있는 장기형 복리식 자유적금 상품입니다."
보증_622,가입기간동안 수시로적립 가능한상품
보증_623,원하는 기간동안 꼬박꼬박 목돈 모으기
보증_624,변동금리로 알차게 목돈 굴려주는 예금
보증_625,입출금이 자유로운 예금
보증_626,선입선출방식의 입출금이 자유로운 예금상품
보증_627,금액별 차등 금리 적용 고금리 수시 입출금 상품
보증_628,"수시로 입출금이 가능하고 잔액이 크면 클수록 더 높은 금리를 드리는 예금입니다. 매월 결산으로 월복리 효과는 물론, 공과금 및 각종 자동이체, 신용카드 결제의 혜택을 누리실 수 있습니다."
보증_629,수시로 입출금이 가능하고 잔액이 크면 클수록 더 높은 금리를 드리는 예금
보증_630,한 계좌에 여러 통화를 자유롭게 거래하는 상품
보증_631,단 하루도 예금 가능 거치식 외화예금
보증_632,입출금이 자유로운 예금
보증_633,급여이체 실적 및 추가 조건에 따른 높은 수준의 우대이율! 다양한 수수료 면제까지 제공하는 입출금예금 상품
보증_634,통장은 사라지고 금리는 올라간 온라인 가입 전용 정기예금
보증_635,"적립금은 자유롭게, 수시로 입금이 가능하고 가입기간에 따라 확정이자를 수령 할 수 있는 고수익 적금"
보증_636,"적금설계는 자유롭게, 금리는 높게! 두가지를 모두 갖춘 꿈같은 적금"
보증_637,입출금이 자유로우면서 은행거래실적에 따른 약정이율 및 추가 조건에 따라 우대이율을 제공하는 입출금예금 상품
보증_638,고객이 직접 설정 및 변경할 수 있는 설정금액에 따라 차등금리를 제공하는 입출금 상품
보증_639,심플한 이자계산으로 여유자금도 심플하게 관리하는 자유입출금통장
보증_640,"조건없이, 다양한 수수료를 면제해드리는 통장!"
보증_641,"가입은 온라인으로 간편하게, 높은 금리와 수수료 면제까지"
보증_642,높은 수준의 금리와 다양한 수수료 면제까지! 주거래 통장에서는 만날 수 없었던 혜택을 드리는 자유입출금통장
보증_643,여유자금에 금리를 플러스! 다양한 혜택의 자유입출금통장
보증_644,"입출금이 자유로우면서 예치금액, 예치기간 등에 아무런 제한이 없으며, 최고 3억원까지 보험금을 지급하는 입출금이 자유로운 상품"
보증_645,1개월이상 5년까지 월 또는 일 단위로 가입할 수 있는 실세금리 연동형 정기예금으로 비과세 가입이 가능한 종합과세 대비상품
보증_646,"별도의 통장 발행없는 무통장예금 상품으로 창구거래외 인터넷뱅킹, 텔레뱅킹 및 자동화기기(CD/ATM) 등을 이용하여 언제든지 은행거래를 할 수 있는 온라인 거래전용 상품"
보증_647,자라나는 자녀들의 불의의 사고 및 질병에 대비한 다양한 보험혜택을 드리는 금리우대 입출금상품
보증_648,SC행복지킴이통장으로 각종 수급금을 안심하고 보장받으세요.
보증_649,"국민연금, SC국민연금안심통장으로 더 안전하게 보호하세요."
보증_650,개인이 가계수표를 발행할 수 있는 예금으로 은행이 실시하는 소정의 신용조사에서 신용평점 등으로 심사하여 결정
보증_651,스탠다드차타드은행과 함께 행복한 목돈 마련 시작하세요~
보증_652,"적립금은 자유롭게, 수시로 입금이 가능하고 가입기간에 따라 확정이자를 수령 할 수 있는 고수익 적금"
보증_653,"적금설계는 자유롭게, 금리는 높게! 두가지를 모두 갖춘 꿈같은 적금"
보증_654,친환경 활동에 참여하고자 하는 고객을 위한 정기예금
보증_655,"3개월마다 금리가 상승하는 1년제 정기예금으로 첫 예치기간( 신규 후 3개월) 경과 후 중도해지 시 3개월 단위 예치기간은 해당기간의 약정이율이 적용되어, 긴급히 자금이 필요하실 때에도 이자를 챙겨드리는 예금"
보증_656,가입시점에 회전기간을 설정한후 중도해지시에도 회전기간별로 그에 상응하는 예치기간별 예금금리를 지급하는 중도해지 파괴상품
보증_657,"외화적립식예금은 자유롭게 추가납입이 가능한 외화정기예금으로, 예치기간별 외화정기예금 금리를 지급 받을 수 있습니다."
보증_658,초이스외화보통예금은 입출금이 자유로운 외화예금으로 거래실적에 따라 해외송금수수료 또는 외화현찰수수료의 면제 또는 할인 서비스를 제공합니다.
보증_659,외화보통예금은 만기를 정하지 않고 입금 및 출금이 자유로운 외화예금입니다.
보증_660,"외화정기예금은 외화예금 중 이자율이 가장 높으며, 잦은 입출금이 필요없는 외화자금 예치시 유리한 상품입니다."
보증_661,부산시의 내일채움공제 사업의 지원대상자로 선정된 근로자만 가입 가능
보증_662,"기간, 금액, 우대이율 모두 내맘대로! 적금"
보증_663,"기간, 금액, 우대이율 모두 내맘대로!정기예금"
보증_664,생활 속에서 탄소 배출 감축에 참여하는고객 실천형 환경 상품
보증_665,생활 속에서 탄소 배출 감축에 참여하는고객 실천형 환경 상품
보증_666,판매 기간에만 가입 가능한 특판 전용 정기예금
보증_667,특판 전용 정기예금
보증_668,하나의 계좌에 다양한 금융상품을 담아 운용하며 일정기간 경과 후 여러 금융상품 운용 결과로 발생한 이익과 손실을 통산한 후 순이익을 기준으로 세제혜택 부여
보증_669,민영주택 및 국민주택모두 청약 가능한 만능상품
보증_670,시장실세금리에 연동한 약정금리를 만기일까지 적용하는 확정금리 정기예금으로 단기 고금리 상품
보증_671,불입액과 불입일자에 관계없이 고객님의 자금사정에 맞춰 적립하는 자유적립 상품으로서 이익의 일정부분을 지역의 사회공헌 활동을 통하여 지역사회 발전에 기여합니다 .
보증_672,매월 일정한 금액을 불입하여 목돈을마련하는데 유리한 개인전용 상품
보증_673,군 의무복무병사의 목돈 마련을 지원하는 적립식 적금
보증_674,만기 재가입 우대금리를 드리는 정기예금
보증_675,결혼 시 높은 우대금리를 부여하는 결혼특화상품
보증_676,청년들을 위한 비과세 혜택과 정부기여금 지원!
보증_677,부산 경제활성화를 위한 부산지역화폐동백전 특화 통장
보증_678,2024 부산세계탁구선수권대회 개최 기념&&특판 적금!
보증_679,1년 단위로 약정이율을 변경하여 적용하는 회전형 장기 정기예금
보증_680,구직촉진수당 등 수급자 전용 압류방지 통장
보증_681,"가족, 친구, 동호회 각종 모임자금은이 상품 하나로 끝!"
보증_682,사학연금 수급자 전용 압류방지 통장
보증_683,MZ세대 고객에게 높은 금리와 다양한 서비스로 우대하여 드립니다.
보증_684,부산은행 주택담보노후연금 수급자 전용 압류방지 통장
보증_685,체당금 수급자 전용 압류방지 통장
보증_686,기업의 단기운전자금 운용에 적합한 입금 및 출금이 자유로운 예금
보증_687,가입대상 및 가입금액 제한이 없으며 입금 및 출금이 자유로운 예금
보증_688,펫 다이어리 작성하고 우대금리 받는정기적립식 및 자유적립식 적금상품
보증_689,소상공인(개인사업자)를 위한 부산은행 주거래 통장
보증_690,군인연금 수급자 전용 압류방지 통장
보증_691,기업과 관련된 모든 자금을 하나의 통장에서 효율적으로 관리할 수 있는 부산은행 대표 주거래 기업통장
보증_692,손쉬운 우대조건으로 각종 수수료 면제와부가서비스를 제공하는 주거래 통장
보증_693,"손쉬운 우대조건으로 각종 수수료 면제 혜택을 보유한 영유아, 어린이 및 청소년 용돈 관리 전용 통장"
보증_694,"흡연자, 비흡연자 모두 가입 가능한 금연특화 상품 소액으로 매일 자유롭게 적금 불입 가능"
보증_695,근로복지공단에서 입금하는 산업재해보험급여만 입금 가능한 압류방지 전용 통장
보증_696,청년 주거 취약층에 대한 특화 혜택을 부여한 정부 정책 상품
보증_697,보증기관의 보증서대출금 입금 전용 통장
보증_698,누구에게나 조건 없는 특판금리 상품
보증_699,은행 방문 없이 계좌개설이 가능한 썸뱅크 전용 입출금통장
보증_700,개인종합자산관리계좌(ISA) 계좌에 편입되는 ISA 전용 정기예금
보증_701,공무원연금공단에서 입금 받는 공무원연금을 (가)압류 등 법적 지급제한으로부터 안전하게 지켜 드립니다.
보증_702,자영업 전용상품으로 소액예금 우대/ 교차상품 가입 추가 우대/ 각종 수수료면제 및 부가서비스를 제공 하는 입출금 통장!!
보증_703,금리가 튄다.!!! 기업 단기자금 운용에 예치기간이 늘어날수록 높은 금리를 지급하는 단기자금 재테크전용 통장!
보증_704,"국가와 지역을 위해 혼신을 다하시는 공무원, 군인, 경찰, 소방관, 교사, 공공기관 및 지방공기업 임직원분들께 특별한 혜택을 드리는 상품!!"
보증_705,고객님이 국민연금공단에서 입금 받으시는 국민연금을 (가)압류 등 법적 지급제한으로부터 안전하게 지켜 드립니다.
보증_706,아파트관리비 자동이체로 매력적인 금융혜택을 누리세요!
보증_707,"기초생활수급자, 소년소녀가장, 북한이탈주민, 결혼이민자(다문화가정)의 목돈마련 적립 지원에 걸맞는 현실적인 수준의 고금리를 제공하는 특별상품!!"
보증_708,수익성과 안전성을 동시에!적금과 펀드 한번에 투자하기
보증_709,"고객님의 소중한 연금, 다양한 혜택으로우대하여 드립니다."
보증_710,1년제 재예치로 연복리 효과를 누리세요.중도에 적금의 해지없이 분할인출 기능까지!
보증_711,기업 및 근로자의 퇴직금을 원리금 보장형 연금자산으로 운용하기 위한 정기예금
보증_712,"압류금지 수급권만 입금이 가능하며, 그 이외 자금은 입금이 불가한 통장."
보증_713,목돈을 일정기간 예치하여 매월 이자를 지급하거나 만기에 일시금으로 수령하는 목돈운용상품
보증_714,은행이 보유한 국.공채 등 채권을 고객에게 판매하고 일정기간 경과후 소정의 이자를 가산하여 은행이 다시 매입하는 투자방법
보증_715,"은행을 발행인 및 지급인으로, 고객을 수취인으로 하는 약속어음을 발행하며 양도가 자유롭고 짧은 기간의 여유자금을 운용하는데 유리한 고수익성 상품"
보증_716,"여유자금의 단기운용에 적합하며, 무기명식 할인발행으로 자유롭게 양도가 가능한 편리한 상품"
보증_717,단기자금 운용 및 금리상승기에 더욱 유리하며 회전기간 단위로 이율을 변경 적용하는 회전식 정기예금 상품
보증_718,여유자금을 예치하시면 연령대별로높은 우대금리를 받을 수 있는 실버 재테크 상품
보증_719,"만기에 이자와 함께 목돈을 마련할 수 있으며, 중간에 목돈이 필요하시면 대출도 가능한 상품"
보증_720,자녀의 성장에 맞추어 자유로이 적립할 수 있는 상품으로서 자녀종합상해보험 무료가입 서비스를 제공해 드립니다.
보증_721,매월 일정한 금액을 불입하여 목돈을 마련하는데 유리한 상품
보증_722,공직선거에 입후보하는 후보님들의 당선을 기원하고 선거자금을 수수료 없이 입출금 할 수 있는 통장입니다.
보증_723,종교단체과 신도예금을 연결하여 신도 참여와 실적에 따라 기부금을 조성하여 지급하고 실적이 우수한 종교단체의 주요인사에 대해서는 우대서비스를 제공하는 상품입니다.
보증_724,생활자금 또는 일시적 여유자금을 단기간 예치시에도 예금잔액에 따라 고금리를 지급하는 단기 고금리 입출금식 통장입니다.
보증_725,전국 6개 지방은행의 공동상품으로 각종 수수료의 부담없이 이용하실 수 있으며 거래실적등에 따라 신용대출도 제공해 드리는 입출금식 통장입니다
보증_726,이자계산 기간 동안의 평균잔액에 대하여 금액별로 이자를 계산하여 3개월마다 원금에 가산하여 드리는 입출금이 자유로운 통장입니다.
보증_727,다자녀 가정에 각종 수수료 면제와 대출금리 감면등의 혜택을 제공하여 지자체 출산장려정책을 지원하는 사회공익형 상품입니다.
보증_728,은행거래와 주식거래를 하나로! 자동이체 및 거래실적 우대금리 제공! 각종 수수료 면제혜택 부여!
보증_729,"은행 거래실적에 따라 우대금리, 수수료 면제 등 서비스를 제공하는 입출식 상품"
보증_730,간편결제 이용 고객님을 위한 입출식 특화상품!
보증_731,"공무원, 공공기관 임직원 등을 대상으로 하는 공직자 전용 입출식 상품"
보증_732,만19세~만34세 고객님을 위한 특화상품
보증_733,복잡한 조건 없이 쉽게 목돈을 굴릴 수 있는 농협은행 비대면 대표 정기예금
보증_734,고향 사랑을 실천하는 지역사회 공헌 상품
보증_735,월 단위 회전주기 선택하고 회전주기마다 실세금리적용 상품
보증_736,시장실세금리를 반영하여 가입시점의 약정이율을 만기까지 확정하여 지급하는 정기예금
보증_737,생활 속 금융거래를 통해 자연을 생각하는 작은 실천
보증_738,청년의 중장기 자산형성 및 미래도약을 지원하는 맞춤형 적금상품
보증_739,직장인재테크를 위한 월복리 적금상품
보증_740,고향 사랑을 실천하는 지역사회 공헌 상품
보증_741,농협은행 비대면 대표 적금상품
보증_742,목적자금 마련을 위한 단기 소액 적금
보증_743,만19세~만34세 고객님을 위한 특화상품
보증_744,복무기간 동안 목돈마련을 지원하는 병역의무복무자 맞춤형 고금리 상품
보증_745,시장실세금리를 반영한 자유적립식 예금
보증_746,내 집 마련의 필수! 국민주택과 민영주택의 청약권이 부여되는 저축상품
보증_747,청년들의 내 집마련에 도움을 주는 주택청약종합저축상품
보증_748,"청소년 고객의 금융거래 경험에 우대금리를 제공하고, 스윙입금서비스를 통한 간편 저축도 손쉽게 확인할 수 있는 적립식 예금"
보증_749,생활 속 금융거래를 통해 자연을 생각하는 작은 실천
보증_750,은행 거래실적에 따라 우대금리를 제공하는 상품
보증_751,모계좌를 근거로 가입 및 거래할 수 있는 수시입출식 예금 상품
보증_752,다양한 복합거래에 따라 우대금리를 제공하는 상품
보증_753,군간부 및 간부후보생 급여실적 및 교차거래에 따른 우대금리 제공
보증_754,사회소외계층의 경제적 자산형성을 지원하는 적립식 예금
보증_755,"임신, 출산, 다자녀 대상으로 우대금리를 제공하는 상품"
보증_756,사회전반으로 법질서 실천운동을 확대해 나가는 공익금융상품
보증_757,어린이 전용 우대 적립식 예금
보증_758,은퇴자금 마련을 위한 적립식 상품
보증_759,외국인 전용 우대 적립식 예금
보증_760,ISA편입 자산을 운용하기 위한 정기예금
보증_761,정기적으로 적립하여 만기에 약정한 목돈을 지급하는 예금
보증_762,농업·농촌 및 사회공헌 관련 공익기금을 조성하는 가치소비형 금융상품
보증_763,ISA편입 자산을 운용하기 위한 정기예금
보증_764,ISA편입 자산을 운용하기 위한 정기예금
보증_765,라이프사이클에 맞춰 필요할 때 찾아 쓰는 적립식 상품
보증_766,ISA편입 자산을 운용하기 위한 정기예금
보증_767,만기까지의 예치를 조건으로 일정금액을 예입하는 상품
보증_768,만기에 구애받지 않고 편리하게 거래하는 회전형 정기예금
보증_769,ISA편입 자산을 운용하기 위한 정기예금
보증_770,무기명 할인식으로 발행되어 자유롭게 양도할 수 있는 단기 고수익 상품
보증_771,은퇴(준비) 고객을 위한 입출식 상품
보증_772,카카오페이 할 때 정말 편한 통장
보증_773,전자금융 전용 무통장 입출식 예금
보증_774,법령에 따라 압류가 금지되는 수급금 등의 압류방지 전용통장
보증_775,실업급여 수급권자의 수급권을 보호하는 압류방지전용통장
보증_776,법령에 따라 압류가 금지되는 수급금 등의 압류방지 전용통장
보증_777,법령에 따라 압류가 금지되는 수급금 등의 압류방지 전용통장
보증_778,공무원연금 수급권자의 수급권을 보호하는 압류방지전용통장
보증_779,국민연금 수급권을 보호하는 압류방지전용통장
보증_780,단기여유자금을 예치하고자 하는 개인고객을 위한 상품
보증_781,청소년고객에게 다양한 서비스 혜택과 금융거래 경험을 제공하는 상품
보증_782,서류없이 바로 가입하는 개인사업자 전용통장
보증_783,철˙구리/금 제품의 매매대금결제와 부가가치세 납부를 지원하는 계좌
보증_784,착한거래 및 금융거래 실적에 따라 금융수수료 면제
보증_785,개인사업자를 위한 전용 특화상품
보증_786,외국인 우대 전용통장
보증_787,급여소득자에게 다양한 금융 혜택을 제공하는 입출식 통장
보증_788,연계상품과의 복합거래를 통한 우대서비스 제공
보증_789,군인 및 국가보훈 대상자를 위한 입출금 통장
보증_790,소비자금 또는 유휴자금의 일시적 보관을 목적으로 개설하는 입출금이 자유로운 상품
보증_791,농협은행 예금상품 가입과 동시에 개설하여 증권거래를 할 수 있는 입출식 통장
보증_792,사회전반으로 법질서 실천 운동을 확대해 나가는 공익금융상품
보증_793,구직촉진수당등 수급권자의 수급권을 보호하는 압류방지전용통장
보증_794,사학연금 수급권자의 수급권을 보호하는 압류방지전용통장
보증_795,주택연금 수급권자의 수급권을 보호하는 압류방지전용통장
보증_796,체당금(대지급금) 수급권자의 수급권을 보호하는 압류방지전용통장
보증_797,"공직선거 입후보자 선거비용의 수입, 지출을 종합적으로 관리하기 위한 수시입출식 예금"
보증_798,농촌 귀농 준비자금 마련을 위한 자유적립식 적금
보증_799,아동수당 수령고객을 우대하는 적금상품
보증_800,신용카드/현금카드/제로페이 가맹점통장 이용 시 우대혜택
보증_801,산재보험급여 수급금의 압류방지 전용계좌
보증_802,모임 및 회비관리를 위한 농협은행 입출식 통장
보증_803,은퇴자금 운영을 위한 연금예금 상품
보증_804,사회전반으로 법질서 실천을 확대해 나가는 공익상품
보증_805,군인연금 수급권자의 수급권을 보호하는 압류방지전용통장
보증_806,자금의 일시적 보관 목적으로 개인이 거래할 수 있는 입출금이 자유로운 상품
보증_807,환급성·안정성 보장 금융상품
보증_808,단기자금 굴려 목돈 만들기
보증_809,환금성이 보장된 채권투자
보증_810,
보증_811,
보증_812,누구나 쉽게 우대받는 DIY
보증_813,직장인의 알짜배기 재테크
보증_814,우리 모두의 소중한 날을 위한 특별한 준비
보증_815,국군장병 미래준비 맞춤적금
보증_816,힘찬 미래 높은 도약
보증_817,맑은하늘 만들고 금리도 Up
보증_818,어린이/청소년 무료 보험가입
보증_819,금액·기간 자유로운 목돈마련
보증_820,현명한 가맹점주의 실속 선택
보증_821,사회배려계층 행복 디딤돌
보증_822,단체가입/병역명문가 우대금리 제공
보증_823,최장 72개월 목돈마련 플랜
보증_824,사회초년생 월복리 목돈적금
보증_825,노랑풍선 최대 3만원 & 4% 할인쿠폰!
보증_826,반려동물과 추억도 쌓고 금리도 받고반려용품 할인쿠폰까지!!
보증_827,사관생도·직업군인 맞춤 적금
보증_828,단체가입/병역명문가 우대금리 제공
보증_829,활기찬 시니어를 위한 건강한 선택
보증_830,
보증_831,성실상환자 재기지원 적금
보증_832,
보증_833,한국씨티은행 고객을 위한 특별한 혜택
보증_834,소득이 있는 누구나 혜택을 받을 수 있는
보증_835,나의 소비내역을 바탕으로 알아서 저축해주는 똑똑한 통장
보증_836,압류금지 수급권자의 수급권보호를 위한
보증_837,한국주택금융공사의 주택담보노후연금(주택연금)을 수령하는 고객
보증_838,사업자 은행 거래의 시작!
보증_839,연 1.5% 비상금 이율과 출금·이체수수료 횟수제한 없이 면제!
보증_840,군인연금 압류방지 전용통장
보증_841,저금통 특별우대이율 제공
보증_842,내 아이를 위한 마일리지 적립
보증_843,통장 하나로 증권매매까지!
보증_844,어린이집/복지시설 우대혜택
보증_845,부가세 납부·환급을 자동으로!
보증_846,보훈급여금 압류방지 통장
보증_847,공무원연금 압류방지 통장
보증_848,모두가 ONE하는 다양한 수수료 혜택
보증_849,하도급관리시스템관리 통장
보증_850,안정적인 노후생활의 파트너
보증_851,사학연금 압류방지 전용통장
보증_852,KB주거행복월세대출 약정통장
보증_853,혜택 많은 외국인전용 통장
보증_854,나라를 지키는 당신을 위한 혜택
보증_855,단 하루만 맡겨도 금리혜택
보증_856,가계당좌 결제용 입출금통장
보증_857,입출금이 자유로운 대표상품
보증_858,행복지킴 압류방지 안심통장
보증_859,국민연금 압류방지 전용통장
보증_860,산업재해보험금 압류방지통장
보증_861,내 집 마련의 시작
보증_862,주택청약종합저축에 자격충족 시 우대이율 및 비과세 혜택이 추가된 상품
보증_863,나에게 보너스를 선물하는 자유적금
보증_864,청년의 중장기 자산형성을 지원
보증_865,행운을 드리는 자유적금
보증_866,함께 가입하고 우대금리 받으세요.
보증_867,대구은행 적금이 처음이라면~
보증_868,주거래 고객 우대 정기적금
보증_869,가입자격을 충족한 청년층에 이자율 등 우대조건을 설정한 주택청약종합저축
보증_870,내집마련과 목돈마련을 한번에!!
보증_871,나 자신을 위한 목돈마련적금
보증_872,핫플로 떠나는 펀세이빙 정기적금
보증_873,만29세 이하 청춘들 모여라~
보증_874,즐거운 연금 생활 ~ 세대공감 우대이자율도 함께 !!
보증_875,직장인 전용 맞춤 정기적금
보증_876,내 손으로 만드는 정기적금
보증_877,신용카드 쓰고 이자 담는 정기적금
보증_878,신용카드 쓰고 이자 담는 자유적금
보증_879,2040세대를 위한 자유적금
보증_880,연금 수급 고객 우대 정기적금
보증_881,"쉽고, 간단하고, 스마트한 자유적금"
보증_882,사업자들의 목돈마련을 위한 정기적금
보증_883,자유로운 적금을 원한다면~
보증_884,평생저축 습관을 위한 첫걸음
보증_885,사업자들의 목돈마련을 위한 자유적금
보증_886,내사랑 내아이를 위한 재테크의 시작
보증_887,장기계속 성실사업자 및 모범납세자 전용 정기적금
보증_888,장기계속 성실사업자 및 모범납세자 전용 정기적금
보증_889,"여행자금 모으고, 여행상품 할인도 받는 정기적금"
보증_890,"여행자금 모으고, 여행상품 할인도 받는 정기적금"
보증_891,친환경활동에 따른 우대이자율을 지급하는 정기적금
보증_892,매월 일정한 금액을 저축하는 목돈마련용 정기적금
보증_893,매월 일정한 금액을 저축하는 목돈마련용 정기적금
보증_894,청년 장병들의 목돈마련을 위한 자유적금
보증_895,사업자를 위한 목돈마련용 정기적금
보증_896,사업자의 목돈마련을 위한 자유적금
보증_897,사회소외계층들에게 우대이자율을 지급하는 정기적금
보증_898,연금 수급 고객 우대 예금
보증_899,대구은행 예금이 처음이라면~
보증_900,함께 가입하고 우대금리 받으세요.
보증_901,"쉽고, 간단하고, 스마트한 정기예금"
보증_902,주거래 고객 우대 정기예금
보증_903,급여받고~우대이자율 받는 정기예금
보증_904,사업자 고객 우대이자율 제공 정기예금
보증_905,회전주기마다 이자가 복리로!!
보증_906,회전주기(1개월~12개월) 내가 선택하는 정기예금
보증_907,즐거운 연금생활~ 세대공감 우대이자율도 함께 !!
보증_908,연금처럼 받는 정기예금
보증_909,세대공감 우대이자율과 함께 연금 처럼 받는 정기예금
보증_910,장기계속 성실사업자 및 모범납세자 전용 정기예금
보증_911,장기계속 성실사업자 및 모범납세자 전용 정기예금
보증_912,친환경활동에 따른 우대이자율을 지급하는 정기예금
보증_913,추가입금이 가능한 정기예금
보증_914,시장실세금리를 적용하는 확정이자율 정기예금 상품
보증_915,기한부 저축성예금으로 목돈 운용에 적합한 예금상품
보증_916,양도성을 부여한 무기명/할인식으로 발행되는 예금증서
보증_917,은행 보유 유가증권 일정기간 후 환매수 조건 매도 상품
보증_918,사업자고객 전용상품으로 신규가입일 및 신규가입일 이후의 거래실적에 따라 우대이자율이 적용되는 정기예금
보증_919,금융기관이 발행하는 약속어음
보증_920,수수료는 NO! 나만의 스마트통장
보증_921,"모임을 쉽고, 간편하게"
보증_922,GREiT카드 사용실적에 따라 우대혜택을 드리는 상품
보증_923,주거래고객에게 수수료우대혜택 제공
보증_924,첫거래 고객에게 수수료 면제서비스를 드리는 상품
보증_925,직장인 전용 입출금 통장
보증_926,연금수급고객을 위한 우대 통장
보증_927,사업자 전용 입출금 통장
보증_928,만29세 이하 청춘들 모여라~
보증_929,국민연금 압류방지 전용통장
보증_930,교사 및 교직원전용 입출금통장
보증_931,모임 및 회비관리를 위한 모임전용통장
보증_932,개인고객 전용 입출금 통장
보증_933,기업고객 전용 입출금통장
보증_934,누구나 가입할 수 있는 입출금통장
보증_935,기초생활수급 등 압류방지전용통장
보증_936,금액별 차등 이자율을 드리는 개인MMDA 상품
보증_937,금액별 차등 이자율을 드리는 기업MMDA 상품
보증_938,전국 지방은행을 대구은행처럼 이용 가능한 입출금통장
보증_939,후원금 모금을 위한 전용 입출금통장
보증_940,공직선거 선거자금관리 전용 입출금통장
보증_941,정치후원금 전용 입출금통장
보증_942,철/구리 제품의 부가가치세 납부 전용 계좌
보증_943,보증서 담보대출 실행자금 입금 전용계좌
보증_944,사업자 전용 입출금 통장
보증_945,공무원연금 압류방지 전용통장
보증_946,보훈급여금 등 압류방지 전용통장
보증_947,주택연금 압류방지 전용통장
보증_948,산재보험급여 압류방지 전용통장
보증_949,임금채권 압류 방지 전용통장
보증_950,군인연금 압류방지 전용통장
보증_951,금리부터 한도까지파킹통장 그 이상 플러스박스
보증_952,30일만 모아도쏠쏠한 이자를 주는 챌린지박스
보증_953,
보증_954,복잡한 조건없이간편하게 보관하는 코드K 정기예금
보증_955,월 30만원으로누리는 간편한 코드K 자유적금
보증_956,"넉넉한 납입액,높은금리 큰돈 모으는 대표적금"
보증_957,까다로운 계좌개설도 정말 손쉽게
보증_959,여유 자금을 따로 보관하는 계좌 속 금고
보증_960,조금씩 매일매일 쌓이는 저금통
보증_961,실시간 이자로 돈 모으는 재미가 쏠쏠
보증_962,"매일, 매주, 매월 자유롭게"
보증_963,＇OK모바일뱅킹앱＇에서 가입할 수 있는 1년 단위 회전식 정기예금
보증_964,"만기는 3년 이지만, 1년만 되어도 중도해지 손해 없이 해지할 수 있는 목돈 굴리기 상품"
보증_965,＇OK모바일뱅킹앱＇에서 가입할 수 있는 6개월 단위 회전식 정기예금
보증_966,여유자금을 일정기간 동안 고정금리로 운용하는 목돈 굴리기 상품
보증_967,6개월 이상 단기 여유자금 운용에 유용한 목돈 굴리기 상품
보증_968,하루만 맡겨도 약정금리(3개월 단위 변동금리)가 적용되는 목돈 굴리기 상품
보증_969,퇴직연금 가입 기업 및 근로자의 퇴직연금 운용 목적 상품으로 중도해지 손실을 최소화한 확정금리 예금상품
보증_970,개인종합자산관리계좌(ISA)에 편입되는 금융상품을 운영하기 위한 ISA전용 정기예금 상품
보증_971,"매월 82,000원씩 12번을 모아 세후 100만 원(우대금리 포함, 정상납입 기준)을 만드는 정기적금"
보증_972,매월 일정 금액을 적립하여 목돈을 만드는 상품
보증_973,중도해지 손해 없이 목돈을 모으는 상품
보증_974,예치금액 50만원 이하분에 높은 금리가 적용되는 입출금이 자유로운 예금
보증_975,1억 원까지 높은 금리가 적용되는 입출금예금상품
보증_976,압류 및 상계가 불가하여 안전하게 노후자금을 관리할 수 있는 국민연금 수급 전용통장
보증_977,법인전용 입출금이 자유로운 예금 상품
보증_978,입출금이 자유로운 예금상품
보증_979,읏맨 유튜브 100만 구독자 달성 기념 상품 2탄
보증_980,5백만원까지 높은 금리가 적용되는 입출금 예금 상품
보증_981,"4대 페이사(네이버페이, 카카오페이, 페이코, 토스페이)에 결제/충전계좌로 등록 시 우대금리가 적용되는 입출금 예금 상품"
보증_982,5백만원까지 높은 금리가 적용되는 입출금 예금 상품
보증_983,하루만 맡겨도 높은 금리가 적용되는 입출금 예금 상품
보증_984,읏맨 유튜브 100만 구독자 달성 기념 상품[신규판매중단]
보증_985,이 상품은 한국투자저축은행과 제휴를 맺은 부보대상 금융기관이 가입할 수 있는 상품입니다.
보증_986,
보증_987,고객의 지급요구시 언제든지 조건없이 지급 가능한 입출금식 예금
보증_988,예치기간에 따라 단계별로 정해진 해당 이율을 적용하는 입출금이 자유로운 예금
보증_989,기업이 일시 여유자금을 예치하여 결제자금으로 이용할 수 있는 입출금이 자유로운 예금
보증_990,"일정금액을 일정기간 동안 예치하고, 계약당시의 확정금리를 만기까지 보장하는 거치식 예금"
보증_991,"일정금액을 일정기간 동안 예치하고, 계약당시의 확정금리를 만기까지 보장하는 거치식 예금"
보증_992,매1년 회전주기 단위로 약정이율이 변동되는 거치식 예금
보증_993,매1년 회전주기 단위로 약정이율이 변동되는 거치식 예금
보증_994,개인종합자산관리계좌(ISA)에 편입되는 금융상품 포트폴리오를 위한 전용 정기예금 상품
보증_995,퇴직연금 가입 기업 및 근로자를 대상으로 확정금리를 제공하는 예금 상품 (이 상품은 한국투자저축은행과 제휴를 맺은 금융기관이 가입할 수있는 상품입니다.)
보증_996,일정기간 동안 금액 및 횟수에 제한없이 자유롭게 부금을 납입하고 기간 만료시 월복리로 이자를 계산하여 원금과 함께 지급하는 상품
보증_997,변동금리가 적용되는 입출금이 자유로운 예금<br>선착순 1만 계좌 마감 시 별도 안내 없이 가입이 제한됩니다.
보증_998,중도해지 시에도 예치기간별 금리를 보장하는 상품!
보증_999,중도해지 시에도 예치기간별 금리를 보장하는 상품!
보증_1000,
보증_1001,"간편결제실적에따라우대금리가적용되는상품입니다.간편하게웰뱅모두페이통장을네이버페이,카카오페이,토스,페이코에연결하셔서우대금리받아보세요!"
보증_1002,직장인이라면WELCOME직장인사랑보통예금을주거래통장으로이용하세요.조건에따른우대금리가적용되는직장인전용상품입니다.WELCOMEPLUS보통예금또는WELCOME비대면보통예금통장을소지하신경우직장인사랑보통예금으로상품전환이가능합니다.
보증_1003,"금액,기간등에제한없이입출금이자유로우며,예치잔액에따라차등금리가적용되는모바일뱅킹전용보통예금입니다."
보증_1004,"금액,기간등에제한없이입출금이자유로우며,조건에따른우대금리가적용됩니다."
보증_1005,사업자라면WELCOME사장님사랑보통예금을주거래통장으로이용하세요.조건에따른우대금리혜택을제공해드립니다.
보증_1006,"예치금액,예치기간에제한없이수시입출금이가능하며,소정의이자를제공해드립니다.인터넷뱅킹과함께사용하면더욱편리한웰컴저축은행보통예금입니다."
보증_1007,법인또는개인사업자가일시적인여유자금을단하루만예치하셔도이자를드리는보통예금입니다.
보증_1008,법인또는개인사업자가일시적인여유자금을단하루만예치하셔도이자를드리는보통예금입니다.
보증_1009,
보증_1011,신용평점이낮은고객님도웰뱅의금융혜택을통해목돈마련을할수있도록지원하는상품입니다.예금자보호인터넷뱅킹모바일뱅킹
보증_1012,"공과금,카드대금등각종자동납부또는평잔실적에따라높은우대금리를제공하는적금!예금자보호영업점인터넷뱅킹모바일뱅킹"
보증_1013,상품가입기간내걸음수에따라우대금리를지급받을수있는적립식상품매일매일걸어서건강한몸과지구를만들어보세요
보증_1014,사전에지정한입출금계좌의잔돈을잔돈적립서비스에따라자동으로적립하는자유적립식적금입니다.예금자보호모바일뱅킹
보증_1015,"체크카드이용으로연말소득공제와추가우대금리까지제공되는체크플러스2정기적금!일정금액을정기적으로납입하여만기일에원리금을지급받는,목돈마련을위한가장보편적인장기저축상품으로체크카드사용실적에따라만기시추가우대금리를제공하는상품입니다."
보증_1016,"체크카드이용으로연말소득공제와추가우대금리까지제공되는체크플러스2정기적금!일정금액을정기적으로납입하여만기일에원리금을지급받는,목돈마련을위한가장보편적인장기저축상품으로체크카드사용실적에따라만기시추가우대금리를제공하는상품입니다."
보증_1017,"첫거래고객에게만드리는특별한상품!웰컴과예·적금거래가처음이시라면이기회를놓치지마세요.당행예·적금첫거래고객을위한비대면전용상품입니다.첫거래란당행예·적금가입이력이없는고객의예·적금최초개설을의미하며,본상품은최초개설한예·적금가입일로부터30일이내가입가능합니다."
보증_1018,"첫거래고객에게만드리는특별한상품!웰컴과예·적금거래가처음이시라면이기회를놓치지마세요.당행예·적금첫거래고객을위한비대면전용상품입니다.첫거래란당행예·적금가입이력이없는고객의예·적금최초개설을의미하며,본상품은최초개설한예·적금가입일로부터30일이내가입가능합니다."
보증_1019,"사전에지정한입출금통장에서설정한잔돈을적금으로적립하고,만기시만원단위로수령할수있는자유적립식적금입니다.예금자보호모바일뱅킹"
보증_1020,"월급의일부를모아목돈을만들어재테크의기반을만들고싶으신가요?그러나,많은투자상품가운데어떤상품을해야될지난감할때가있으시죠?망설이지마세요.재테크와목돈마련의시작은바로정기적금입니다.비과세종합저축으로도가능한웰컴저축은행의정기적금!재테크의시작!웰컴저축은행과시작하세요.예금자보호모바일뱅킹"
보증_1021,"월급의일부를모아목돈을만들어재테크의기반을만들고싶으신가요?그러나,많은투자상품가운데어떤상품을해야될지난감할때가있으시죠?망설이지마세요.재테크와목돈마련의시작은바로정기적금입니다.비과세종합저축으로도가능한웰컴저축은행의정기적금!재테크의시작!웰컴저축은행과시작하세요.예금자보호인터넷뱅킹"
보증_1022,"체크카드이용으로연말소득공제와추가우대금리까지제공되는체크플러스2정기적금!일정금액을정기적으로납입하여만기일에원리금을지급받는,목돈마련을위한가장보편적인장기저축상품으로체크카드이용시실적에따라추가우대금리를제공하는상품입니다."
보증_1023,자녀의희망찬미래를위한투자!만10세이하자녀를둔가정의목돈마련을위한정기적금입니다.
보증_1024,사회적배려가필요한분들의경제적자립기반마련을위한금리우대적금입니다.예금자보호영업점
보증_1025,"월급의일부를모아목돈을만들어재테크의기반을만들고싶으신가요?그러나,많은투자상품가운데어떤상품을해야될지난감할때가있으시죠?망설이지마세요.재테크와목돈마련의시작은바로정기적금입니다.비과세종합저축으로도가능한웰컴저축은행의정기적금!재테크의시작!웰컴저축은행과시작하세요.예금자보호영업점"
보증_1026,"불규칙한수입,목돈을만들어재테크의기반을만들고싶으신가요?일정기간동안금액및횟수에제한없이자유롭게납입하고,만기시월복리로이자를계산하여드립니다.금리는불입시점정기예금금리에연동됩니다."
보증_1027,"첫째,가입후1년마다우대금리를드려요.둘째,매회전주기도래일에변동금리가적용되는상품이라금리상승기에유리해요.셋째,중도해지시에도회전주기총족기간에대해약정금리를100%지급해드려요."
보증_1028,"첫째,가입후1년마다우대금리를드려요.둘째,매회전주기도래일에변동금리가적용되는상품이라금리상승기에유리해요.셋째,중도해지시에도회전주기총족기간에대해약정금리를100%지급해드려요."
보증_1029,여유자금을3년이내의일정기간동안확정금리로예치하여이자수익을얻을수있는가장보편적인거치식예금상품입니다.혹시여유자금이있으신가요?적금이만기가되셨나요?진정한재테크의고수라면꼼꼼하게이자를따져보세요.고객님의여유자금을더욱풍성하게해드립니다.목돈운용의시작!웰컴저축은행과시작하세요.예금자보호인터넷뱅킹
보증_1030,여유자금을3년이내의일정기간동안확정금리로예치하여이자수익을얻을수있는가장보편적인거치식예금상품입니다.혹시여유자금이있으신가요?적금이만기가되셨나요?진정한재테크의고수라면꼼꼼하게이자를따져보세요.고객님의여유자금을더욱풍성하게해드립니다.목돈운용의시작!웰컴저축은행과시작하세요.예금자보호인터넷뱅킹
보증_1031,"첫째,가입후1년마다우대금리를드려요.둘째,매회전주기도래일에변동금리가적용되는상품이라금리상승기에유리해요.셋째,중도해지시에도회전주기총족기간에대해약정금리를100%지급해드려요."
보증_1032,"첫째,가입후1년마다우대금리를드려요.둘째,매회전주기도래일에변동금리가적용되는상품이라금리상승기에유리해요.셋째,중도해지시에도회전주기총족기간에대해약정금리를100%지급해드려요."
보증_1033,여유자금을3년이내의일정기간동안확정금리로예치하여이자수익을얻을수있는가장보편적인거치식예금상품입니다.혹시여유자금이있으신가요?적금이만기가되셨나요?진정한재테크의고수라면꼼꼼하게이자를따져보세요.고객님의여유자금을더욱풍성하게해드립니다.목돈운용의시작!웰컴저축은행과시작하세요.예금자보호모바일뱅킹
보증_1034,여유자금을3년이내의일정기간동안확정금리로예치하여이자수익을얻을수있는가장보편적인거치식예금상품입니다.혹시여유자금이있으신가요?적금이만기가되셨나요?진정한재테크의고수라면꼼꼼하게이자를따져보세요.고객님의여유자금을더욱풍성하게해드립니다.목돈운용의시작!웰컴저축은행과시작하세요.
보증_1035,"첫째,가입후1년마다우대금리를드려요.둘째,매회전주기도래일에변동금리가적용되는상품이라금리상승기에유리해요.셋째,중도해지시에도회전주기총족기간에대해약정금리를100%지급해드려요."
보증_1036,"첫째,가입후1년마다우대금리를드려요.둘째,매회전주기도래일에변동금리가적용되는상품이라금리상승기에유리해요.셋째,중도해지시에도회전주기총족기간에대해약정금리를100%지급해드려요."
보증_1037,여유자금을3년이내의일정기간동안확정금리로예치하여이자수익을얻을수있는가장보편적인거치식예금상품입니다.혹시여유자금이있으신가요?적금이만기가되셨나요?진정한재테크의고수라면꼼꼼하게이자를따져보세요.고객님의여유자금을더욱풍성하게해드립니다.목돈운용의시작!웰컴저축은행과시작하세요.예금자보호영업점
보증_1038,여유자금을3년이내의일정기간동안확정금리로예치하여이자수익을얻을수있는가장보편적인거치식예금상품입니다.혹시여유자금이있으신가요?적금이만기가되셨나요?진정한재테크의고수라면꼼꼼하게이자를따져보세요.고객님의여유자금을더욱풍성하게해드립니다.목돈운용의시작!웰컴저축은행과시작하세요.예금자보호영업점
보증_1039,퇴직연금가입기업및근로자를대상으로확정금리를제공하는예금상품입니다.
보증_1040,ISA계좌를통해서만가입가능합니다.예금자보호
보증_1041,"디지털페퍼 APP 전용 상품으로 한도제한 없음1인 1계좌 5천만원 이하 연 2.2%, 5천만원 초과 연 1.0%"
보증_1042,디지털페퍼 APP 전용상품으로 회전주기별로 계약기간 이내에 이자율이 변동 적용되는 상품
보증_1043,회전주기(6개월)별로 계약기간 이내에서 이자율이 변동 적용되는 정기예금
보증_1044,광주 페퍼스타디움에서 특별 적금 가입쿠폰을 나눠드립니다
보증_1045,디지털페퍼 APP 전용상품으로 회전주기별로 계약기간 이내에서 이자율이 변동 적용되는 정기예금
보증_1046,디지털페퍼 APP 전용상품으로 매월 정해진 금액(1만원~30만원)을 납입하여 만기일에 원리금 수령하는 목돈만들기 상품
보증_1047,디지털페퍼 APP 전용상품으로 단 하루만 맡기고 중도해지를 하더라도 이자를 드립니다.
보증_1048,고객님의 자금계획에 따라 단리식(매월 이자 지급식)과 복리식(회전주기 지급식)을 선택 할 수 있는 예금상품입니다.
보증_1049,디지털페퍼 APP 전용상품으로 여유자금 예치를 위한 거치식 예금상품
보증_1050,디지털페퍼 APP 전용상품으로 목돈 마련을 위한 적립식 예금상품
보증_1051,고객님의 자금 계획에 따라 복리식(만기 일시 지급식)과 단리식(매월 이자 지급식)을 선택할 수 있는 예금상품입니다.
보증_1052,원리금보장형 연금자산으로 운용하기 위한 예금 상품
보증_1053,개인종합자산관리계좌(ISA)에 편입되는 금융상품 포트폴리오를 위한 전용 정기예금 상품
보증_1054,"납입일, 횟수 제한 없이 자유롭게 납입할 수 있으며 이자가 월 복리로 계산되는 예금 상품입니다."
보증_1055,"가입금액, 가입기간 등의 제한이 없는 입출금이 자유로운 예금"
보증_1056,적립식 예금 상품
보증_1057,중도해지 시에도 예치기간별 이율이 적용되는단기 운용 맞춤 예금상품
보증_1058,적립식 예금상품
보증_1059,"300만원초과~2억원이하 연 2.2%, 2억원초과 0.5% 입출금이 자유로운 예금"
보증_1060,그린 체크카드를 월 5만원이상 사용고객에게금리우대 혜택을 드리는 입출금이 자유로운 예금상품입니다.
보증_1061,인터넷뱅킹과 모바일뱅킹을 통해 수수료 없이 타행계좌로 이체가 가능한 입출금이 자유로운 예금상품입니다.
보증_1062,가입후 회전시(1년단위) 변동금리가 적용되는 상품<br/> 회전시 정기예금 1년 금리 + 0.1%p제공<br />중도해지시에도 회전기간 충족 시 충족기간에 대한 약정금리 제공
보증_1063,중도해지 손해 없는 고금리 정기예금
보증_1064,가입시점 약정한 금리를 만기까지 확정하여 지급하는 상품<br />여유자금 운영의 대표 상품<br />신규 및 해지 이용가능시간 : (매일) 00:10 ~ 23:50
보증_1065,1구간단위로 적용이율이 상승하는 1년제 정기예금<br />(3개월 단위로 약정금리 상승)<br />중도해지시에도 경과기간에 따라 약정 금리 보장<br />금리변동시기 최적의 상품<br />신규 및 해지 이용가능시간 : (매일) 00:10 ~ 23:50
보증_1066,ISA 취급 금융기관을 대상으로 확정금리를 제공하는 예금상품
보증_1067,오픈뱅킹 이용실적에 따라 우대금리 <br/>부여하는 고금리 자유적립적금 상품
보증_1068,일정한 불입액과 불입일을 정하지 않고<br/> 계약기간동안 월 1회 자유롭게 납입가능한 자유적립식 적금<br />중도해지 없이 납입요건에 따라 필요자금을 중도인출 가능<br />신규 및 해지 이용가능시간 : (매일) 00:10 ~ 23:50
보증_1069,일정기간 가입한도를 정하고 미리 정한 금액을 정기적으로<br />납입하여 만기시 목돈을 마련할 수 있는 예금입니다.
보증_1070,내맘대로 통장을 쪼개는 즐거움 입출금 자유 예금
보증_1071,목돈 만들기 도전 프로젝트 <br/>입출금이자유로운예금
보증_1072,＇멤버십 우대＇ 금리 제공하는 고금리 입출금자유예금상품
보증_1073,오픈뱅킹 가입자를 위한 오픈뱅킹 입금 전용 고금리 입출금자유예금 상품
보증_1074,높은 기본금리에 예치잔액에 따라 우대금리가 적용되는<br/>애큐온 저축은행의 대표적 고금리 입출금 자유상품
보증_1075,하루만 맡기셔도 높은 금리를 드리는<br />애큐온저축은행의 대표적 수시 입출금 상품입니다.
보증_1076,"일시적 여유자금 보관, 송금/이체 등의 기본이 되는 계좌입니다.<br />여러가지 금융거래의 기본 계좌로 활용됩니다.<br />입출금이 자유로운 예금의 대표적 상품입니다."
보증_1077,법인 및 개인 기업의 일시 여유 자금을 저축하여 결제자금<br />용도로 사용하는 입출금이 자유로운 예금입니다.
보증_1078,거치기간에 따라 이자율이 차등 적용되는<br />입출금이 자유로운 예금입니다.
보증_1079,국민연금 수급자의 기본적인 연금수급권리를 보호하기<br />위한 압류방지 전용 예금 상품입니다.
보증_1080,하루만 맡겨도 기본금리 적용 & 만기해지시엔 추가금리가 더해지는 정기예금
보증_1081,목돈을 예치하는 상품
보증_1082,Fi 정기예금에 연0.05%를 더한 금리로 회전
보증_1083,6개월 회전주기로 금리가 변동되는 정기예금상품
보증_1084,하루만 맡겨도 약정금리(3개월단위 변동금리)가 적용되는 정기예금 상품
보증_1085,중도해지 시에도 약정이율(3개월 변동금리)을 드리는 정기예금 상품
보증_1086,퇴직연금제도에 따른 퇴직연금적립금 운용을 위한 정기예금
보증_1087,개인종합자산관리계좌에 편입되는 ISA 전용 정기예금
보증_1088,일정 금액을 매월 차곡차곡 모아 목돈 만드는 상품
보증_1089,우리 아이들을 위한 금리 우대 정기적금 상품
보증_1090,직장인에게 우대금리를 드리는 정기적금 상품
보증_1091,첫 가입으로 우대금리 혜택 받는 상품
보증_1092,특별한 금리와 혜택을 드리는 고액자산 맞춤형 입출금상품
보증_1093,조건 없이 이자가 쌓이는 입출금이 자유로운 예금
보증_1094,개인사업자 및 법인고객을 위한 입출금이 자유로운 예금
보증_1095,예치금액 및 예치기간에 제한이 없는 입출금이 자유로운 예금
보증_1096,모바일 앱에서 가입할 수 있는 앱 전용 1년 단위 회전식 정기예금 (원금만 회전 연장) 회전주기(1년) 마다 약정이율이 변동되며 중도해지 시에도 회전주기가 도래한 구간은 약정이율 제공
보증_1097,회전주기 6개월 단위로 자동회전되는 앱전용 회전식 정기예금 (원금만 회전 연장) 회전주기(6개월) 마다 약정이율이 변동되며 중도해지 시에도 회전주기가 도래한 구간은 약정이율 제공
보증_1098,회전주기 1년마다 e-모아 정기예금 12개월 금리+0.1%의 약정이율로 원금만 자동 재예치되는 상품 중도해지 시에도 이미 회전주기가 도래한 구간은 약정이율 제공
보증_1099,회전주기 1년마다 정기예금 12개월 금리+0.1%의 약정이율로 원금만 자동 재예치되는 상품 중도해지 시에도 이미 회전주기가 도래한 구간은 약정이율 제공
보증_1100,일정기간 동안 목돈을 예치하고 이자를 지급받는 온라인 전용 목돈운용 상품
보증_1101,일정기간 동안 목돈을 예치하고 이자를 지급받는 목돈운용 상품
보증_1102,퇴직연금 신탁의 자산관리를 취급하는 금융회사(퇴직연금 사업자)에게제공되는 상품으로 퇴직연금적립금을 원리금보장형 연금자산으로 운용하기 위한 예금 상품
보증_1103,매월 일정금액을 정기적으로 납입하고 만기일에 원리금을 지급받는 목돈마련 대표상품
보증_1104,생일일자에 적금가입 고객님께 생일축하 우대금리 혜택을 드리는 적립식 상품
보증_1105,가입년도 12干支 띠에 해당되는 고객님께 우대금리 혜택을 드리는 적립식 상품
보증_1106,개인의 일시 여유자금을 운용할 수 있는 입출금이 자유로운 온라인 전용상품
보증_1107,매월 일정금액을 정기적으로 납입하고 만기일에 원리금을 지급받는 목돈마련 상품
보증_1108,법인과 개인기업의 일시 여유자금을 운용하는 입출금이 자유로운 예금
보증_1109,개인의 일시 여유자금을 운용할 수 있는 입출금이 자유로운 예금
보증_1110,모아모아체크카드 전용결제계좌로&nbsp;입출금이 자유로운 예금
보증_1111,내가그린체크카드의 전용결제계좌로&nbsp;입출금이 자유로운 예금
보증_1112,함께그린체크카드의 전용결제계좌로 입출금이 자유로운 예금
보증_1113,"가입대상, 예치금액, 예치기간 등의 제한없이 입출금이 자유로운 예금"
보증_1114,"예치금액, 예치기간 제한없이 입출금이 자유로운보통예금"
보증_1115,예치기간 제한없이 입출금이 자유로운아낌없이 주는 기업자유예금
보증_1116,"예치금액, 예치기간 제한없이 입출금이 자유로운아낌없이 주는 저축예금"
보증_1117,영업점 방문 없이 계좌개설이 가능한비대면 파킹통장보통예금
보증_1118,차근차근 목돈 마련을 위한정기적금
보증_1119,차근차근 목돈 마련을 위한정기적금 (E-월수)
보증_1120,영업점 방문 없이 신청 가능한비대면 정기적금
보증_1121,불입시기와 금액의 제한이 없는자유적립예금
보증_1122,여유로운 목돈 운용을 위한정기예금
보증_1123,여유로운 목돈 운용을 위한정기예금 (E)
보증_1124,영업점 방문없이 신청 가능한비대면 정기예금
보증_1125,중도해지 시에도 약정금리를 적용하는파킹통장 369 정기예금
보증_1126,중도해지 시에도 약정금리를 적용하는파킹통장 369 정기예금 (E-복리)
보증_1127,중도해지 시에도 약정금리를 적용하는비대면 파킹통장 369 정기예금
보증_1128,자율적으로 가입기간 선택이 가능한 단리 정기예금상품
보증_1129,자율적으로 가입기간 선택이 가능한 복리 정기예금상품
보증_1130,
보증_1131,
보증_1132,
보증_1133,일정한 기간동안 정기적으로 일정금액을 납입하시고 계약기간 만료 시 적립한 원금과 이자를 받는 적립식 상품
보증_1134,일정한 기간 동안 금액에 제한없이 자유롭게 납입하고 계약기간 만료 시 적립한 원금과 이자를 받는 확정금리 적립식 상품
보증_1135,"일정한 기간 동안 금액에 제한 없이 자유롭게 납입매 회 납입액별로 불입일로부터 만기일까지의 기간을 산정하여, 그 기간에 대한 불입시점의 정기예금 금리가 적용되는 변동금리 적립식 상품"
보증_1136,가입기간의 제한 없이 입출금이 자유로운 예금상품
보증_1137,"수시입출금 상품으로 단 하루를 맡겨도 높은 금리를 제공하며, 가입기간의 제한 없이 입출금이 자유로운 예금상품"
보증_1138,은행 방문 없이 편리하게 가입하는 입출금이 자유로운 수시입출금 상품
보증_1139,"가입대상, 예치금액, 예치기간, 입출금 횟수에 상관없이 자유롭게 거래할 수 있는 입출금식 예금"
보증_1140,하루만 맡겨도 높은 이율을 제공하는 모바일 가입 전용 입출금이 자유로운 통장
보증_1141,"예치금액 ,예치기간등에 제한 없이 자유롭게 거래할 수 있는 비대면전용 입출금식 예금상품"
보증_1142,카드매출대금 수입계좌로 지정하여 관리하는 입출금식 예금상품
보증_1143,본인명의 휴대폰으로 가입하는 비대면계좌 개설 전용 입출금식 예금상품
보증_1144,"금융거래가 많은 개인사업자, 법인사업자를 위한 자유 입출금식 예금상품"
보증_1145,목돈을 일정기간 동안 약정금리로 예치하는 목돈굴리기 상품
보증_1146,회전주기(매1년)마다 영업점 방문 없이 변동금리로 자동 회전되는 장기 목돈굴리기 상품
보증_1147,ISA(개인종합자산관리계좌)에 편입되는 금융상품을 운영하기 위한 ISA전용 정기예금
보증_1148,퇴직연금 가입기업 및 근로자를 대상으로 확정금리를 제공하는 정기예금상품
보증_1149,매월 일정 금액을 정기적으로 적립하고 만기에 원금과 이자를 수령하는 목돈 만들기 상품
보증_1150,청년들의 목돈마련을 지원하는 청년 우대형 적립식 상품
보증_1151,가입기간내 금액 및 횟수에 제한 없이 자유롭게 불입하는 목돈 만들기 상품
보증_1152,ㆍ퇴직연금 가입 기업 및 근로자를 대상으로 확정금리를 제공하는 예금 상품입니다.
보증_1153,ㆍ일정기간 여유자금을 예금하시면 확정 금리로 높은 수익을 드리는 영업점 판매 상품입니다
보증_1154,정기예금보다 연 0.1% 우대이율 혜택드리는 변동금리상품
보증_1155,ㆍ일정기간 여유자금을 예금하시면 확정 금리로 높은 수익을 드리는 온라인 가입 전용상품입니다.
보증_1156,정기예금보다 연 0.1% 우대이율 혜택드리는 변동금리상품
보증_1157,ㆍISA(개인종합자산관리계좌)에 편입되는 금융상품 포트폴리오를 위한 ISA전용 정기예금
보증_1158,ㆍ매월 일정 금액을 저축하고 목돈을 마련하는 정기적금입니다.
보증_1159,ㆍ매월 일정금액을 납입하여 목돈을 마련하는 정기적금입니다.
보증_1160,ㆍ사회적 배려 대상 고객에게 목돈 마련을 지원하는 적립식 적금입니다.
보증_1161,ㆍ일정기간 동안 금액 횟수에 제한없이 자유롭게 납입하고 만기일에 목돈을 마련하는 창구 또는 온라인 가입 가능 상품
보증_1162,ㆍ매월 일정 금액을 저축하고 목돈을 마련하는 온라인 가입전용 정기적금입니다.
보증_1163,ㆍ목돈 마련을 위한 온라인 가입전용 정기적금입니다.
보증_1164,ㆍ매일매일 저축하는100일 재테크 상품
보증_1165,ㆍ목표금액을 달성하면 금리가 플러스! 기쁨이 플러스!
보증_1166,ㆍISA(개인종합자산관리계좌)에 편입되는 금융상품 포트폴리오를 위한 ISA전용 정기적금입니다.
보증_1167,ㆍ하루만 맡겨도 1억원까지 최대 연 3.5%! 모바일 전용 파킹통장
보증_1168,법인의 일시적인 여유자금을 고금리로 운용할수 있는 입출금이 자유로운 예금입니다.
보증_1169,ㆍ높은 금리와 수수료 면제 혜택을 드리는 모바일전용 입출금이 자유로운 예금
보증_1170,ㆍ예치잔액에 따라 높은 금리를 드리는 입출금이 자유로운 예금입니다.
보증_1171,ㆍ국민연금을 수령하는 고객을 위한 상품입니다.
보증_1172,ㆍ수시로 입금 및 출금이 가능한 입출금이 자유로운 예금입니다.
보증_1173,회전주기(매1년) 단위로 약정이율이 변동되는 예금상품
보증_1174,회전주기(매1년) 단위로 약정이율이 변동되는 예금상품
보증_1175,온라인 사기에 대한 두려움을 가진 고객을 위한 오프라인 전용 상품(신규 및 해지가 영업점에서만 가능)
보증_1176,여유자금을 일정기간 예치하고 운용하는 예금상품으로 복잡한 우대금리 조건이 없는스마트폰 전용 정기예금 상품입니다.
보증_1177,목돈을 운용할 수 있는 대신저축은행의 대표적인 예금상품
보증_1178,"만65세 이상의 고객이 여유자금을 일정기간 예치하고, 높은 수익을 보장 받을 수 있는 정기예금 상품"
보증_1179,매월 일정금액을 정기적으로 납입하고 만기일에 원리금을 지급받는 상품으로 복잡한 우대금리 조건이 없는 스마트폰 전용 적립식 적금상품
보증_1180,매월 일정금액을 정기적으로 납입하고 만기일에 원리금을 지급받는 상품으로 푼돈을 모아 목돈을 마련하는데 가장 보편적인 장기저축상품입니다.
보증_1181,일정한 기간을 정하고 금액 및 횟수에 제한없이 자유롭게 납입하여 기간 만료시 이자를 계산하여 원금과 함께 지급하는 상품입니다.
보증_1182,계약기간 동안 금액 및 횟수에 제한 없이 자유로이 납입하고 만기에 원리금을 지급받는 목돈마련예금입니다.
보증_1183,입출금이 자유로운 파킹통장으로 모바일전용 상품입니다.
보증_1184,입출금이 자유로운 예금으로 일시적 여유자금을 보관하거나 송금받을 수 있는 요구불예금입니다.
보증_1185,기업이 일시적인 여유자금을 예치하여 결제자금으로 이용할 수 있는 입출금이 자유로운 예금으로 단기예치분에 대해서도 비교적 높은 이자가 지급되는 상품입니다.
보증_1186,ISA(개인종합자산관리계좌) 시행에 따라 만기시 자동재예치 되는 ISA편입용 정기예금
보증_1187,퇴직연금 가입 기업 및 근로자를 대상으로 확정금리를 제공하는 예금상품입니다.
보증_1188,JT친애저축은행 비대면 보통예금 단 하루만 맡기셔도 이자를 지급하여 드립니다.
보증_1189,JT친애저축은행 보통예금 단 하루만 맡기셔도 이자를 지급하여 드립니다.
보증_1190,JT친애저축은행 기업자유예금 단 하루만 맡기셔도 이자를 지급하여 드립니다.
보증_1191,JT친애저축은행 비대면저축예금 단 하루만 맡기셔도 이자를 지급하여 드립니다.
보증_1192,JT친애저축은행 저축예금 단 하루만 맡기셔도 이자를 지급하여 드립니다.
보증_1193,JT친애저축은행 비대면 플러스입출금통장 단 하루만 맡기셔도 이자를 지급하여 드립니다.
보증_1194,JT친애저축은행 플러스입출금통장 단 하루만 맡기셔도 이자를 지급하여 드립니다.
보증_1195,JT친애저축은행 플러스법인통장 단 하루만 맡기셔도 이자를 지급하여 드립니다.
보증_1196,일정한 기간과 불입금액을 정하여 매월 정기적으로 불입하고 만기일에 원금과 이자를 받으시는 예금상품
보증_1197,자유롭게 납입할 수 있는 편리한 예금상품
보증_1198,일정한 기간과 불입금액을 정하여 매월 정기적으로 불입하고 만기일에 원금과 이자를 받으시는 예금상품
보증_1199,반려견을 키우는 고객을 대상으로 일정한기간동안 가입한도를 정하고 정기적으로 납입하여 이자를 지급받는 적립식 상품
보증_1200,개인종합자산관리계좌(ISA)에 편입되는 금융상품을 운영하기 위한 ISA 전용 정기적금상품
보증_1201,여유자금을 일정기간 동안 예치하여 수익을 얻을 수 있는 상품
보증_1202,약정한 회전 주기별(1년)로 계약기간 이내에서 이자율이 변동되는 상품
보증_1203,여유자금을 일정기간 동안 예치하여 수익을 얻을 수 있는 상품
보증_1204,약정한 회전 주기별(1년)로 계약기간 이내에서 이자율이 변동되는 상품
보증_1205,퇴직연금 가입 기업 및 근로자를 대상으로 확정금리를 제공하는 예금상품
보증_1206,개인종합자산관리계좌(ISA)에 편입되는 금융상품을 운영하기 위한 ISA 전용 정기예금상품
보증_1207,자유롭게 입출금 할 수 있는 예금상품으로 개인 손님에 한정하여 가입 가능한 개인손님 우대 상품
보증_1208,자유롭게 입출금 할 수 있는 예금상품으로 기본금리에 더하여 우대금리를 지급하는 상품
보증_1209,"환경을 살리고, 6개월 유지 시 중도해지 시점 적용된 「기본금리+우대금리」 이자를 지급하는 정기적금"
보증_1210,매달 일정금액을 불입하여 목돈을 마련하는 상품
보증_1219,회전주기 (매1년) 마다 계약기간 이내에서 이자율 변동 및 이자를 지급하는 장기 정기예금
보증_1220,목돈을 일정기간 동안 예치하여 안정적인 수익을 추구하는 예금
보증_1221,일정한 기간을 정하고 금액 및 횟수에 제한 없이 자유롭게 불입하는 상품
보증_1222,"예치금액, 예치기간등에 제한 없이 자유롭게 입출금 할 수 있는 예금상품"
보증_1223,법인과 개인기업의 일시적인 여유자금을 예금 잔액 별 차등금리를 적용하여 고금리로 운용할 수 있는 상품
보증_1224,입출금이 자유롭고 조건 충족시 우대이율을 제공하는 예금상품
보증_1225,"가입대상, 예치금액, 예치기간 등의 제한없이 입출금이 자유로운 예금"
보증_1226,"가입대상, 예치금액, 예치기간 등의 제한없이 입출금이 자유롭고, 예치잔액에 따라 차등금리가 적용되는 예금상품"
보증_1227,여유자금을 일정기간 예치하고 만기시 약정금리로 고수익을 보장하는 예금
보증_1228,회전주기(매 1년)마다 계약기간 이내에서 이자율변동 및 이자를 지급하는 장기 정기예금 상품
보증_1229,여유자금을 일정기간 예치하고 만기시 약정금리로 고수익을 보장하는 예금
보증_1230,약정기간 매월 일정액을 불입하여 목돈마련 저축
보증_1231,약정기간 매월 일정액을 불입하여 목돈마련 저축
보증_1232,퇴직연금 가입 기업 및 근로자를 대상으로 확정금리를 제공하는 예금상품
보증_1233,개인종합 자산관리계좌(ISA)에 편입되는 금융상품 포트폴리오를 위한 전용 정기예금 상품
보증_1234,여유자금을 일정기간 예치하여 가입시점에 약정하신 금리를 만기까지 확정금리로 드리는 저금리시기에 유리한 상품
보증_1235,여유자금을 일정기간 예치하여 가입시점에 약정하신 금리를 만기까지 확정금리로 드리는 저금리시기에 유리한 상품
보증_1236,여유자금을 일정기간 예치하여 가입시점에 약정하신 금리를 만기까지 확정금리로 드리는 저금리시기에 유리한 상품
보증_1237,법인 고객이 여유자금을 일정기간 동안 확정금리로 예치하여 이자 수익을 얻을 수 있는 거치식 예금상품입니다.
보증_1238,퇴직연금 가입 기업 및 근로자를 대상으로 확정 금리를제공하는 정기예금 상품
보증_1239,여유자금을 36개월동안 예치하여 매 회전주기(12개월)마다 정기예금 기본금리에 우대금리를 더해변동금리로 자동 회전되는 상품입니다.
보증_1240,여유자금을 36개월동안 예치하여 매 회전주기(12개월)마다 비대면 정기예금 기본금리에 우대금리를 더해 변동금리로 자동회전되는 상품입니다.
보증_1241,여유자금을 36개월동안 예치하여 매 회전주기(12개월)마다 비대면 정기예금 기본금리에 우대금리를 더해 변동금리로 자동회전되는 상품입니다.
보증_1242,여유자금을 36개월동안 예치하여 매 회전주기(6개월)마다 계약기간 이내에서 이자율이 변동금리로 자동회전되는 상품입니다.
보증_1243,여유자금을 36개월동안 예치하여 매 회전주기(6개월)마다 계약기간 이내에서 이자율이 변동금리로 자동회전되는 상품입니다.
보증_1244,여유자금을 36개월동안 예치하여 매 회전주기(6개월)마다 계약기간 이내에서 이자율이 변동금리로 자동회전되는 상품입니다.
보증_1245,매월 일정한 금액을 일정기간동안 불입하여 목돈을 마련하는 적립식 상품
보증_1246,매월 일정한 금액을 일정기간동안 불입하여 목돈을 마련하는 적립식 상품
보증_1247,매월 일정한 금액을 일정기간동안 불입하여 목돈을 마련하는 적립식 상품
보증_1248,매월 일정한 금액을 일정기간동안 불입하여 목돈을 마련하는 적립식 상품
보증_1249,매월 일정한 금액을 일정기간동안 불입하여 목돈을 마련하는 적립식 상품
보증_1250,저축은행 오픈뱅킹 시행에 따라 조건 달성 시 우대금리를 제공하는 정기적금 상품
보증_1251,"가입대상, 예치금액, 예치기간등에 제한 없는 입출금이 자유로운 거래를 할 수 있는 예금상품으로 단 하루를 맡기셔도 이자를 지급하는 예금상품"
보증_1252,예치잔액에 따라 차등금리가 적용되는 입출금이 자유로운 예금상품
보증_1253,일정기간을 정하고 금액 및 횟수에 제한 없이 자유롭게 납입하고 이자는 월복리로 계산되는 상품입니다.
보증_1254,법인 및 개인사업자가 금액에 제한없이 7일이상 예치시 우대금리를 적용받는입출금이 자유로운 상품입니다.
보증_1255,법인대상 예치잔액에 따라 차등금리가 적용되는 입출금이 자유로운 예금상품
보증_1256,고객님과 약정한 회전 주기별로 계약기간 이내에서 이자율이 변동되는 정기예금 상품입니다.회전 주기 도래 시 그 당시의 기간별 회전정기예금 금리가 적용됩니다.
보증_1257,"안전하고 든든한, 더불어 높은 수익까지 누릴 수 있는 대표예금상품으로 이자는 복리식, 단리식 중 원하는대로 선택 가입가능"
보증_1258,매월 일정금액을 정기적으로 납입하여 만기일에 목돈을 수령할 수 있는 목돈만들기용 적립식예금의 대표상품입니다.종자돈을 만들 수 있는 가장 효과적인 방법입니다!
보증_1259,얼마를 저축할지 확실치 않지만 목돈저축을 원하는 고객을 위한 자유적립형 저축상품입니다.일정기간을 정하고 기간내 금액 및 횟수 제한없이 자유롭게 납입하고 기간만료시 월복리로 이자를 지급하여 드립니다.
보증_1260,입출금이 자유로운 예금으로 일시적 여유자금을 보관하거나 타인으로부터 송금을 받는 등 여러가지 금융거래의 기본계좌로 사용할 수 있습니다.인터넷 뱅킹을 이용한 조회 및 이체서비스도 가능한 상품입니다.
보증_1261,입출금이 자유로운 예금으로 일시적 여유자금을 보관하거나 타인으로부터 송금을 받는 등 여러가지 금융거래의 기본계좌로 사용할 수 있습니다.인터넷 뱅킹을 이용한 조회 및 이체서비스도 가능한 상품입니다.
보증_1262,입출금이 자유로운 예금으로 일시적 여유자금을 보관하거나 타인으로부터 송금을 받는 등 여러가지 금융거래의 기본계좌로 사용할 수 있습니다.인터넷 뱅킹을 이용한 조회 및 이체서비스도 가능한 상품입니다.
보증_1263,회전주기(매1년)마다 회전 시점의 정기예금 금리에 우대금리(0.1%)를 드리는 회전식 정기예금 상품
보증_1264,인터넷/모바일뱅킹을 통해 목돈을 일정기간 동안 예치하고 계약당시의 확정금리를 만기까지 보장하는 상품
보증_1265,매월 일정금액을 정기적으로 납입하고 만기일에 원리금을 지급받는 적립식상품
보증_1266,매월 일정금액을 정기적으로 납입하고 만기일에 원리금을 지급받는 적립식상품
보증_1267,목돈을 일정기간 동안 예치하고 계약당시의 확정금리를 만기까지 보장하는 상품
보증_1268,일정기간 동안 금액 및 횟수에 제한 없이 자유로이 부금을 납입하고만기에 월복리로 이자를 계산하여 원금과 함께 지급하는 상품
보증_1269,가입대상 및 가입금액에 제한이 없는 입출금이 자유로운 예금 상품
보증_1270,퇴직연금제도에 따른 퇴직연금적립금을 원리금보장형 연금자산으로 운용하기 위한 예금 상품
보증_1271,일정기간 동안 금액 및 횟수에 제한 없이 자유로이 부금을 납입하고 만기에월복리로 이자를 계산하여 원금과 함께 지급하는 상품
보증_1272,개인종합자산관리계좌(ISA)에 편입되는 금융상품 포트폴리오를 위한 전용 정기예금 상품
보증_1273,입출금이 자유로운 상품으로 단 하루만 맡기셔도 이자가 지급됩니다
보증_1274,예치기간 제한 없이 단 하루만 맡기셔도 이자를 지급하는 입출금이 자유로운 예금입니다.
보증_1275,"예치금액, 예치기간의 제한 없이 단 하루만 맡기셔도 이자를 지급하는 입출금이 자유로운 예금입니다."
보증_1276,영업점 방문없이 스마트폰을 이용하여 개설이 가능한 입출금이 자유로운 상품으로 단 하루만 맡기셔도 이자가 지급됩니다.
보증_1277,"영업점 방문없이 인터넷/스마트폰을 이용해 개설이 가능하며, 목돈을 만들기 위한 적립식 상품입니다."
보증_1278,"영업점 방문없이 스마트폰을 이용해 개설이 가능하며, 목돈을 만들기 위한 적립식 상품입니다."
보증_1279,불입시기와 금액을 자유롭게 결정하실 수 있는 적립식 상품입니다.
보증_1280,"영업점 방문없이 인터넷/스마트폰을 이용해 개설이 가능하며, 불입시기와 금액을 자유롭게 결정할 수 있는 적립식 상품입니다."
보증_1281,"영업점 방문없이 인터넷/스마트폰을 이용해 개설이 가능하며, 일정기간동안 목돈을 예치하고 매월 또는 만기에 이자를 지급 받는 거치식 상품입니다."
보증_1282,"영업점 방문없이 스마트폰을 이용해 개설이 가능하며, 일정기간동안 목돈을 예치하고 매월 또는 만기에 이자를 지급 받는 거치식 상품입니다."
보증_1283,일정기간동안 목돈을 예치하고 매월 또는 만기에 이자를 지급 받는 거치식 상품입니다.
보증_1284,"영업점 방문없이 인터넷/스마트폰을 이용해 개설이 가능하며, 일정기간동안 목돈을 예치하고 매월 또는 만기에 이자를 지급 받는 거치식 상품입니다."
보증_1285,"영업점 방문없이 스마트폰을 이용해 개설이 가능하며, 일정기간동안 목돈을 예치하고 매월 또는 만기에 이자를 지급 받는 거치식 상품입니다."
보증_1286,중도해지 시에도 예치기간별 약정금리가 적용되는 거치식 상품입니다.
보증_1287,일정기간동안 목돈을 예치하고 매월 또는 만기에 이자를 지급 받는 거치식 상품입니다.
보증_1288,"3,6,9개월 회전주기별 변동금리로 별도의 영업점 방문 없이 회전되는 상품입니다."
보증_1289,9개월 회전주기별 변동금리로 영업점 방문 없이 회전되는 상품입니다.
보증_1290,일정기간동안 목돈을 예치하고 매월 또는 만기에 이자를 지급 받는 거치식 상품입니다.
보증_1291,"3,6,9개월 회전주기별 변동금리로 별도의 영업점 방문 없이 회전되는 상품입니다."
보증_1292,9개월 회전주기별 변동금리로 영업점 방문 없이 회전되는 상품입니다.
보증_1293,"영업점 방문없이 스마트폰을 이용해 개설이 가능하며, 일정기간동안 목돈을 예치하고 매월 또는 만기에 이자를 지급 받는 거치식 상품입니다."
보증_1294,"3,6,9개월 회전주기별 변동금리로 별도의 영업점 방문 없이 회전되는 상품입니다."
보증_1295,9개월 회전주기별 변동금리로 영업점 방문 없이 회전되는 상품입니다.
보증_1296,일정기간동안 목돈을 예치하고 매월 또는 만기에 이자를 지급 받는 거치식 상품입니다.
보증_1297,일정기간동안 목돈을 예치하고 매월 또는 만기에 이자를 지급 받는 거치식 상품입니다.
보증_1298,일정한 기간과 불입금액을 정하여 정기적으로 납입하는 적립식 상품입니다.
보증_1299,중도해지해도 예치기간별 약정금리 적용하는 거치식 상품입니다.
보증_1300,"영업점 방문없이 스마트폰을 이용해 개설이 가능하며, 일정기간동안 목돈을 예치하고 매월 또는 만기에 이자를 지급 받는 거치식 상품입니다."
보증_1301,"3,6,9개월 회전주기별 변동금리로 영업점 방문없이 회전되는 상품입니다."
보증_1302,9개월 회전주기별 변동금리로 영업점 방문 없이 회전되는 상품입니다.
보증_1303,"매1년 회전주기 단위로 약정이율이 변동되며, 매 회전주기마다 이자를 받는 거치식 예금상품입니다."
보증_1304,매1년 회전주기 단위로 약정이율이 변동되며 매월 이자를 받는 거치식 예금상품입니다.
보증_1305,여유자금을 일정기간 예치하고 만기시 원금과 이자를 한꺼번에 받는 상품
보증_1306,여유자금을 일정기간 예치하고 매월 이자를 받는 상품
보증_1307,"퇴직연금 가입 기업 및 근로자를 대상으로 <span class=""fontOrange"">확정금리를 제공</span>하는 예금 상품입니다."
보증_1308,일정한 기간동안 가입한도를 정하고 미리정한 금액을 불입하여 목돈을 마련하는 상품입니다.
보증_1309,일정한 기간을 정하고 금액 횟수에 제한없이 납입하는 상품으로 만기시 각 부금의 실 예치기간에 따른 정기예금 복리식 이자율로 이자계산하여 원금과 함께 지급하는 상품입니다.
보증_1310,일정한 기간동안 가입한도를 정하고 미리 정한 금액을 불입하여 목돈을 마련하는 상품입니다.
보증_1311,"가입대상, 예치금액, 예치기간, 입출금 횟수에 아무런 제한없이 자유롭게 거래할 수 있는 대표적인 요구불예금입니다."
보증_1312,"가입대상, 예치금액, 예치기간, 입출금 횟수 등에 아무런 제한없이 자유롭게 거래할 수 있는 대표적인 요구불예금입니다."
보증_1313,보통예금과 같은 입출금이 자유로운 요구불예금으로 예치기간 또는 매일의 예치잔액에 따라 정해진 해당 이율을 적용하는 예금 상품입니다.
보증_1314,보통예금과 같은 입출금이 자유로운 요구불예금으로 예치기간 또는 매일의 예치잔액에 따라 정해진 해당 이율을 적용하는 예금 상품입니다.
보증_1315,매 회전주기 기준 정기예금 12개월 고시금리에 0.1% 우대금리를 더해 이자율이 변동되는 정기예금 상품
보증_1316,"예치금액, 예치기간 등에 제한 없이 자유롭게 입출금 할 수 있는 예금상품"
보증_1317,개인사업자와 법인을 위한 여유자금 운영에 적합한 기업전용 예금상품
보증_1318,"가입기간, 예치금액, 입·출금 등에 제한 없이 자유롭게 거래할 수 있는 대표적인 요구불 예금"
보증_1319,목돈을 일정기간동안 예치하여 안정적인 수익을 추구하는 예금상품
보증_1320,월(또는 매일) 일정 금액을 불입하여 목돈을 마련하는 대표적인 상품
보증_1321,[회전주기별(12개월)로 이자율이 변동되는 정기예금 상품]
보증_1322,매월(또는 매일) 일정 금액을 불입하여 목돈을 마련하는 상품으로<br>중도에 불입실적에 따른 대출도 가능한 상품
보증_1323,퇴직연금 가입 기업 및 근로자를 대상으로 확정금리를 제공하는 예금 상품
보증_1324,ISA(개인종합자산관리계좌)편입 자산을 운영하기 위한 ISA 전용 정기예금
보증_1325,일정금액을 일정기간 동안 예치하여 월 단위로 정해진 이자를 받는 상품으로 목돈 운용에 적합
보증_1326,일정금액을 일정기간 동안 예치하여 예치기간이 만료되었을 때 정해진 이자를 받는 상품으로 목돈 운용에 적합
보증_1327,일정금액을 일정기간 동안 예치하여 월 단위로 정해진 이자를 받는 상품으로 목돈 운용에 적합
보증_1328,일정금액을 일정기간 동안 예치하여 월 단위로 정해진 이자를 받는 상품으로 목돈 운용에 적합
보증_1329,일정금액을 일정기간 동안 예치하여 월 단위로 정해진 이자를 받는 상품으로 목돈 운용에 적합
보증_1330,일정금액을 일정기간 동안 예치하여 월 단위로 정해진 이자를 받는 상품으로 목돈 운용에 적합
보증_1331,일정한 기간과 불입금액을 정하여 정기적으로 매월약정일에 적금을 납입하는 상품으로서 해지시 가입고객에게 불입금 총액과 일정한 이자를 지급하는 목돈마련 상품
보증_1332,목돈을 일정기간 동안 예치하여 안정적인 수익을 목적으로 하는 거치식 상품
보증_1333,매1년 회전주기 단위로 약정이율이 변동되는 거치식 예금
보증_1334,목돈을 일정기간 동안 예치하여 안정적인 수익을 목적으로 하는 거치식 상품
보증_1335,매1년 회전주기 단위로 약정이율이 변동되는 거치식 예금
보증_1336,목돈을 일정기간 동안 예치하여 안정적인 수익을 목적으로 하는 거치식 상품
보증_1337,매1년 회전주기 단위로 약정이율이 변동되는 거치식 예금
보증_1338,퇴직연금 가입 기업 및 근로자를 대상으로 확정금리를 제공하는 예금상품
보증_1339,
보증_1340,ISA(개인종합자산관리계좌)에 편입되는 금융상품 포트폴리오를 위한 전용 정기예금 상품
보증_1341,매월 일정금액을 납입하여 목돈을 마련하는 적립식 상품.
보증_1342,매월 일정금액을 납입하여 목돈을 마련하는 적립식 상품.
보증_1343,매월 일정금액을 납입하여 목돈을 마련하는 적립식 상품.
보증_1344,입출금이 자유로운 요구불예금
보증_1345,입출금이 자유로운 요구불예금(인터넷전용)
보증_1346,법인 및 개인사업자의 수시입출금 상품(창구전용)
보증_1347,법인 및 개인사업자의 수시입출금 상품(창구전용)
보증_1348,일정기간을 정하고 금액 및 회수에 제한없이 자유롭게 부금을 납입하게 하여 기간의 만료시에 월복리로 이자를 계산하여 원금과 함께 지급하는 상품
보증_1349,단기 고수익 예금상품(창구전용)당행이 할인하여 보유중인 어음을 근거로 하여 그 금액을 분할 또는 통합하여 새로이 발행한 약속어음. 거치식상품
보증_1350,키움히어로즈 야구단 출범기념 정기예금 특판2019 KBO 포스트시즌 성적에 따른 우대금리 적용
보증_1351,오픈뱅킹 활성화를 위하여 제휴카드와 함께하는 우대금리 특판 정기적금입니다.
보증_1352,우리WON저축은행 앱 전용 여유자금을 일정기간 동안 고정금리로 예치하는 목돈운용상품
보증_1353,여유자금을 일정기간 동안 고정금리로 예치하는 목돈운용상품
보증_1354,"회전주기&(1년&)마다 정기예금 이율에 우대이율을 더하여 자동회전되는 정기예금으로, 장기간 예치하기에 적합한 상품"
보증_1355,"중도해지 시에도 약정이율이 적용되는 상품으로, 예치기간을 정하기 어려운 여유자금을 예치하기에 적합한 상품"
보증_1356,환경보호서약서 동의 완료 시 우대금리를 드리는 목돈마련상품
보증_1357,고객의 ESG 경영참여 및 제휴 우리카드 신규발급 및 이용 시 우대금리를 드리는 목돈마련상품
보증_1358,계약기간 동안 매월 일정 금액을 납입하는 목돈마련상품
보증_1359,7개월 동안 일정금액을 납입하여 소정의 목표를 달성할 수 있는 목돈마련상품
보증_1360,개인고객이 예치금액에 따라 차등금리가 적용되는 수시입출금상품
보증_1361,개인고객이 예치금액에 따라 차등 금리가 적용되는 수시입출금상품
보증_1362,법인 및 개인사업자가 가입하는 하루만 맡겨도 이자를 드리는 수시입출금상품
보증_1363,개인종합자산관리계좌&(ISA&)에 편입되는 금융상품을 운영하기 위한 전용 정기예금 상품
보증_1364,퇴직연금 가입기업 및 근로자의 퇴직연금 운용목적의 예금상품입니다.
보증_1365,"약정한 회전주기별(12개월) 이자율이 변동되는 정기예금 (인터넷, 모바일 가입전용 상품)#회전#회전정기예금#변동금리#2년,3년#인터넷,모바일가입"
보증_1366,"약정한 회전주기별(12개월) 이자율이 변동되는 정기예금#회전#회전정기예금#변동금리#2년,3년#영업점방문"
보증_1367,"일정기간 여유자금을 예금하고 확정금리로 고수익을 보장하는 예금\r\n(인터넷,모바일 가입전용 상품)# 가입제한없음 #인터넷,모바일전용 #1개월~36개월 #e-정기예금"
보증_1368,일정기간 여유자금을 예금하고 확정금리로 고수익을 보장하는 예금#여유자금 #고수익 #가입제한없음 #정기예금
보증_1369,"13개월 이후 중도해지 시 예치기간별 높은 이율을 적용하는 예금(인터넷,모바일 가입전용 상품)#가입제한없음 #인터넷,모바일전용 #36개월"
보증_1370,13개월 이후 중도해지 시 예치기간별 높은 이율을 적용하는 예금#가입제한없음 #36개월
보증_1371,단기 여유자금 운영에 유리하며 단기간 내의 높은 수익률을 보장하는 예금#여유자금 #단기유리 #가입제한없음
보증_1372,퇴직연금 사업자에게 제공되는 정기예금#퇴직연금 #DB형/DC형/IRP형 정기예금
보증_1373,"목돈 마련을 목적으로 일정기간 매월 일정금액을 납입하는 적립식 예금 (인터넷,비대면 전용상품)#목돈 #적립식예금 #가입대상제한없음"
보증_1374,직장인이라면 더욱 우대해드리는 직장인 Plus정기적금#정기적금 #적금 #직장인우대 #Plus #직장인
보증_1375,예가람 가족이 되어 금리 혜택도 받고! 추첨이벤트로 경품 혜택도 받고!#금리혜택 #경품 #추첨 #이벤트
보증_1376,20 ~ 30대 청년들의 꿈을 키워드리는 2030 Start정기적금#정기적금 #적금 #2030 #청년
보증_1377,목돈 마련을 목적으로 일정기간 매월 일정금액을 납입하는 적립식 예금#목돈 #적립식예금 #가입대상제한없음
보증_1378,일정한 기간에 금액 및 횟수에 제한없이 자유롭게 납입하는 예금#예금 #자유적립 #금액제한없음 #횟수제한없음
보증_1379,"하루만 맡겨도 이자가 쌓이는 입출금 통장. 예스뱅킹 가입전용 상품(변동금리, 최대 1억원)#높은금리의#입출금#파킹통장#최대1억원까지#개인고객"
보증_1380,"하루만 맡겨도 이자가 쌓이는 개인입출금통장(변동금리, 최대 1억)"
보증_1381,"하루만 맡겨도 이자가 쌓이는 개인사업자 입출금통장(변동금리, 가입금액제한없음)#가입금액 제한없음 #개인사업자"
보증_1382,"하루만 맡겨도 이자가 쌓이는 법인사업자 입출금통장(변동금리, 가입금액제한없음)#가입금액 제한없음 #법인사업자"
보증_1383,입출금이 자유로운 예금#가입제한없음 #가입기간제한없음 #입출금자유롭게
보증_1384,단기자금 및 가계자금 운영을 위한 입출금이 자유로운 예금상품
보증_1385,기업의 운전자금 운영을 위한 입출금이 자유로운 예금상품
보증_1386,정기적금 가입하고 동시에 캐롯손해보험 자동차 보험을 가입하면 약정금리 + 우대금리를 지급하는 인터넷(비대면) 전용 정기적금 상품입니다.
보증_1387,정액식 : 목돈 마련을 위해 매월 일정금액을 정기적으로 납입하고 만기일에 원리금을 지급 받는 상품입니다.자유식 : 목돈 마련을 위해 일정한 기간을 정하고 고객님께서 정한 계약금 한도 내에서 불입 횟수에 제한 없이 자유롭게 불입하여 만기일에 원리금을 지급 받는 상품입니다.
보증_1388,정액식 : 목돈 마련을 위해 매월 일정금액을 정기적으로 납입하고 만기일에 원리금을 지급 받는 상품입니다.자유식 : 목돈 마련을 위해 일정한 기간을 정하고 고객님께서 정한 계약금 한도 내에서 불입 횟수에 제한 없이 자유롭게 불입하여 만기일에 원리금을 지급 받는 상품입니다.
보증_1389,정액식 : 목돈 마련을 위해 매월 일정금액을 정기적으로 납입하고 만기일에 원리금을 지급 받는 상품입니다.자유식 : 목돈 마련을 위해 일정한 기간을 정하고 고객님께서 정한 계약금 한도 내에서 불입 횟수에 제한 없이 자유롭게 불입하여 만기일에 원리금을 지급 받는 상품입니다.
보증_1390,정액식 : 목돈 마련을 위해 매월 일정금액을 정기적으로 납입하고 만기일에 원리금을 지급 받는 상품입니다.자유식 : 목돈 마련을 위해 일정한 기간을 정하고 고객님께서 정한 계약금 한도 내에서 불입 횟수에 제한 없이 자유롭게 불입하여 만기일에 원리금을 지급 받는 상품입니다.
보증_1391,"목돈 마련을 위해 매월 100,000원을 정기적으로 납입하여 만기일에 원리금을 지급받는 상품으로, 인터넷뱅킹을 가입하신 고객님에 한하여 신규개설이 가능합니다."
보증_1392,목돈을 일정 기간 동안 예치하고 만기까지 확정금리 수익률로 보장하는 정기예금 상품입니다.
보증_1393,목돈을 일정 기간 동안 예치하고 만기까지 확정금리 수익률로 보장하는 정기예금 상품입니다.
보증_1394,목돈을 일정 기간 동안 예치하고 만기까지 확정금리 수익률로 보장하는 정기예금 상품입니다.
보증_1395,목돈을 일정 기간 동안 예치하고 만기까지 확정금리 수익률로 보장하는 정기예금 상품입니다.
보증_1396,매1년 회전주기마다 계약기간 이내에서 이자율이 변동 적용되는 정기예금 상품입니다.
보증_1397,매1년 회전주기마다 계약기간 이내에서 이자율이 변동 적용되는 정기예금 상품입니다.
보증_1398,목돈을 일정 기간 동안 예치하고 만기까지 확정금리 수익률로 보장하는 온라인 가입전용 정기예금 상품입니다.
보증_1399,목돈을 일정 기간 동안 예치하고 만기까지 확정금리 수익률로 보장하는 온라인 가입전용 정기예금 상품입니다.
보증_1400,매 3개월 회전주기마다 계약기간 이내에서 이자율이 변동 적용되는 정기예금 상품입니다.
보증_1401,매 3개월 회전주기마다 계약기간 이내에서 이자율이 변동 적용되는 정기예금 상품입니다.
보증_1402,매 6개월 회전주기마다 계약기간 이내에서 이자율이 변동 적용되는 정기예금 상품입니다.
보증_1403,매 6개월 회전주기마다 계약기간 이내에서 이자율이 변동 적용되는 정기예금 상품입니다.
보증_1404,매 3개월 회전주기마다 계약기간 이내에서 이자율이 변동 적용되는 정기예금 상품입니다.
보증_1405,매 3개월 회전주기마다 계약기간 이내에서 이자율이 변동 적용되는 정기예금 상품입니다.
보증_1406,매 6개월 회전주기마다 계약기간 이내에서 이자율이 변동 적용되는 정기예금 상품입니다.
보증_1407,매 6개월 회전주기마다 계약기간 이내에서 이자율이 변동 적용되는 정기예금 상품입니다.
보증_1408,매 12개월 회전주기마다 계약기간 이내에서 이자율이 변동 적용되는 정기예금 상품입니다.
보증_1409,매 12개월 회전주기마다 계약기간 이내에서 이자율이 변동 적용되는 정기예금 상품입니다.
보증_1410,일정한 기간을 정하고 자유롭게 예금을 납입할 수 있으며 만기 시 월복리로 이자를 지급받는 상품입니다.
보증_1411,신탁업 인가 받은 금융기관을 대상으로 확정금리를 제공하는 정기예금 상품입니다.
보증_1412,신탁업 인가 받은 금융기관을 대상으로 확정금리를 제공하는 정기예금 상품입니다.
보증_1413,신탁업 인가 받은 금융기관을 대상으로 확정금리를 제공하는 정기예금 상품입니다.
보증_1414,신탁업 인가 받은 금융기관을 대상으로 확정금리를 제공하는 정기예금 상품입니다.
보증_1415,신탁업 인가 받은 금융기관을 대상으로 확정금리를 제공하는 정기예금 상품입니다.
보증_1416,신탁업 인가 받은 금융기관을 대상으로 확정금리를 제공하는 정기예금 상품입니다.
보증_1417,신탁업 인가 받은 금융기관을 대상으로 확정금리를 제공하는 정기예금 상품입니다.
보증_1418,신탁업 인가 받은 금융기관을 대상으로 확정금리를 제공하는 정기예금 상품입니다.
보증_1419,신탁업 인가 받은 금융기관을 대상으로 확정금리를 제공하는 정기예금 상품입니다.
보증_1420,신탁업 인가 받은 금융기관을 대상으로 확정금리를 제공하는 정기예금 상품입니다.
보증_1421,신탁업 인가 받은 금융기관을 대상으로 확정금리를 제공하는 정기예금 상품입니다.
보증_1422,신탁업 인가 받은 금융기관을 대상으로 확정금리를 제공하는 정기예금 상품입니다.
보증_1423,신탁업 인가 받은 금융기관을 대상으로 확정금리를 제공하는 정기예금 상품입니다.
보증_1424,신탁업 인가 받은 금융기관을 대상으로 확정금리를 제공하는 정기예금 상품입니다.
보증_1425,신탁업 인가 받은 금융기관을 대상으로 확정금리를 제공하는 정기예금 상품입니다.
보증_1426,신탁업 인가 받은 금융기관을 대상으로 확정금리를 제공하는 정기예금 상품입니다.
보증_1427,신탁업 인가 받은 금융기관을 대상으로 확정금리를 제공하는 정기예금 상품입니다.
보증_1428,신탁업 인가 받은 금융기관을 대상으로 확정금리를 제공하는 정기예금 상품입니다.
보증_1429,신탁업 인가 받은 금융기관을 대상으로 확정금리를 제공하는 정기예금 상품입니다.
보증_1430,신탁업 인가 받은 금융기관을 대상으로 확정금리를 제공하는 정기예금 상품입니다.
보증_1431,퇴직연금제도에 따른 퇴직연금적립금을 원리금보장형 연금자산으로 운용하기 위한 예금 상품
보증_1432,퇴직연금제도에 따른 퇴직연금적립금을 원리금보장형 연금자산으로 운용하기 위한 예금 상품
보증_1433,퇴직연금제도에 따른 퇴직연금적립금을 원리금보장형 연금자산으로 운용하기 위한 예금 상품
보증_1434,퇴직연금제도에 따른 퇴직연금적립금을 원리금보장형 연금자산으로 운용하기 위한 예금 상품
보증_1435,일정기간 여유자금을 예금하고 확정금리로 고수익을 보장하는 예금 (인터넷가입전용)
보증_1436,일정기간 여유자금을 예금하고 확정금리로 고수익을 보장하는 예금 (인터넷가입전용)
보증_1437,일정기간 여유자금을 예금하고 확정금리로 고수익을 보장하는 예금 (인터넷가입전용)
보증_1438,일정기간 여유자금을 예금하고 확정금리로 고수익을 보장하는 예금 (인터넷가입전용)
보증_1439,일정기간 여유자금을 예금하고 확정금리로 고수익을 보장하는 예금 (인터넷가입전용)
보증_1440,일정기간 여유자금을 예금하고 확정금리로 고수익을 보장하는 예금 (인터넷가입전용)
보증_1441,일정기간 여유자금을 예금하고 확정금리로 고수익을 보장하는 예금 (인터넷가입전용)
보증_1442,금리 하락 시에도 안전한 확정금리 상품으로 고객님의 여유자금을 안전하게 운용할 수 있는 고금리 상품입니다.
보증_1443,금리 하락 시에도 안전한 확정금리 상품으로 고객님의 여유자금을 안전하게 운용할 수 있는 고금리 상품입니다.
보증_1444,여유자금을 단기로 예치하시고 고수익을 얻을 수 있는 확정금리 상품!저희 푸른저축은행 명의로 발행되므로 일반 예금과 똑같이 안전한 상품입니다.
보증_1445,
보증_1446,
보증_1447,일정한 기간동안 정기적으로 일정 금액을 납입하시고 계약기간 만료 시 적립한 원금과 이자를 받으시는 적립식 상품입니다.
보증_1448,일정한 기간동안 금액에 제한없이 자유로이 납입하시고 계약기간 만료 시 적립한 원금과 이자를 받으시는 확정금리 적립식 상품입니다.
보증_1449,일정한 기간을 정하고 금액 및 회수에 제한없이 자유롭게 저축하여 만기시에 월복리로 계산된 이자와 원금을 받으시는 편리한 상품입니다.
보증_1450,"단 하루만 맡기셔도 높은 이자를 드리는, 가입대상, 예치금액, 예치기간에 제한 없이 입출금이 자유로운 예금 상품입니다."
보증_1451,"단 하루만 맡기셔도 높은 이자를 드리는, 가입대상, 예치금액, 예치기간에 제한 없이 입출금이 자유로운 예금 상품입니다."
보증_1452,"예금주가 일정금액,일정기간을 정하여 저축은행에 예치하고예치한 금액에 대하여 기간이 만료되었을때 또는 매월 정해진 이자를 붙여 지급할 것을 약정하는 상품"
보증_1453,일정한 기간과 불입금액을 정하여 정기적으로 매월 약정일에 적금을 납입하는 상품으로서 해지시 가입고객에게 불입금 총액과 일정한 이자를 지급하는 목돈마련 상품입니다. (비과세종합저축으로도 가입 가능)
보증_1454,
보증_1455,이자소득에 대한 소득세가 면제되는 비과세 상품입니다.
보증_1456,일정한 기간을 정하고 금액 및 회수에 제한없이 자유롭게 납입하는 상품
보증_1457,
보증_1458,"안정적으로여유자금을예탁해고수익을보장받을수있는대표적인예금상품매월발생하는이자가원금에포함되어복리계산되는상품으로,여유자금을중ㆍ장기동안예탁해자산증식에유리한고수익상품이며금리하락시에도약정금리가보장되는확정고금리상품입니다"
보증_1459,"안정적으로여유자금을예탁해고수익을보장받을수있는온라인전용예금상품매월발생하는이자가원금에포함되어복리계산되는상품으로,여유자금을중ㆍ장기동안예탁해자산증식에유리한고수익상품이며금리하락시에도약정금리가보장되는확정고금리상품입니다상품가입하기(인터넷뱅킹)"
보증_1460,"약정한회전주기별(12개월)로이자율이변동되는정기예금상품매월발생하는이자가원금에포함되어복리계산되는예금상품으로,12개월회전주기에따라이자율이적용되는변동식정기예금상품입니다."
보증_1461,"약정한회전주기별(12개월)로이자율이변동되는온라인전용정기예금상품매월발생하는이자가원금에포함되어복리계산되는예금상품으로,12개월회전주기에따라이자율이적용되는변동식정기예금상품입니다.상품가입하기(인터넷뱅킹)"
보증_1462,매월일정금액을저축하여목돈을만드는재테크기본상품일정한기간과불입금액을정하여정기적으로매월약정일에불입금을납입하여만기일에원금과이자를지급받는목돈마련상품입니다.
보증_1463,매월일정금액을저축하여목돈을만드는온라인전용예금상품일정한기간과불입금액을정하여정기적으로매월약정일에불입금을납입하여만기일에원금과이자를지급받는목돈마련상품입니다.상품가입하기(인터넷뱅킹)
보증_1464,"매월금액및횟수에제한없이자유로이저축하여목돈을만드는재테크기본상품일정한기간을정하고금액및횟수에제한없이자유롭게불입하는상품으로,만기시각부금의실예치기간에따른정기예금복리식이자율로이자를계산하여원금과함께지급받는상품입니다."
보증_1465,"입출금이자유로운예금상품가입대상,예치금액,예치기간등의제한없이입출금이자유로운예금으로단,하루만맡기셔도이자를드리는수시입출금식상품입니다."
보증_1466,"입출금이자유로운예금상품(온라인전용상품)가입대상,예치금액,예치기간등의제한없이입출금이자유로운예금으로단,하루만맡기셔도이자를드리는수시입출금식상품입니다."
보증_1467,신한은행에 거래가 없던 고객이 신한은행 첫 거래 시 실적에 따라 우대이자율을 제공하는 적립식 상품
보증_1468,"원하는 가입 기간을 선택하여 월 납입 한도 내 신규와 입금이 자유롭고, 거래 실적에 따라 우대이자율을 제공하는 적금"
보증_1469,신한은행 스마트폰뱅킹에서만 가입할 수 있는 스마트폰 전용 적금
보증_1470,"1.개인,개인사업자 가입 가능합니다.2.다양한 기간 6개월 이상 60개월 이내로 설정 할 수 있습니다.3.정기(자유)적립식 선택이 가능합니다."
보증_1471,1.개인사업자에 차별화된 우대금리 적용 2.최초 가입한 계약기간 단위로 총2회까지 재예치 가능(자유적립식 예금에 한함)3.상품가입 6개월 경과후 휴.폐업 또는 물품구입을 위해 긴급운영자금 필요시 특별 중도해지 금리 적용
보증_1472,1. 개인사업자에 차별화된 우대금리 적용 2. 최초 가입한 계약기간 단위로 총 2회까지 재예치 가능 (자유적립식 예금에 한함) 3. 상품가입 6개월 경과후 휴.폐업 또는 물품구입을 위한 긴급운영자금 필요시 특별중도해지 금리 적용
보증_1473,"매출이 많을때는 저축도 많이, 매출이 적을때는 저축도 조금만!"
보증_1474,"1개월~60개월 이내에서 만기일을 자유롭게 설계하고, 만기일 연장서비스를 통해 여유롭게 관리할 수 있는 정기예금"
보증_1475,- 매월 약정일에 일정회차 이상을 납입하면 국민주택 청약이 가능한 성격을 기본으로 하면서 지역별 예치금액 이상을 납입하면 민영주택 청약도 가능한 종합통장 성격의 입주자저축 - 비과세종합저축으로 가입가능- 무주택세대주인 급여소득자(총급여7000만원 이하)는 소득공제 혜택
보증_1476,"세이프지수연동예금 KOSPI200 상승형 24-01호(0.5년)는 연 3.70%를 보장하면서, KOSPI200이 기준지수 대비 장중기준 12% 초과 상승한 적이 없고, 만기지수가 기준지수 대비 상승한 경우, 만기지수에 따라 최고 연 3.94%의 수익을 제공하는 상품입니다. (단, 기준지수가 장중기준 12% 초과 상승한 적이 있는 경우 연 3.70%로 수익률이 확정됩니다.) 203B 가입 전 상세 수익구조를 반드시 확인하시기 바랍니다."
보증_1477,"세이프지수연동예금 KOSPI200 보장강화 상승형 24-01호(1년)는 연 3.65%를 보장하면서, KOSPI200이 기준지수 대비 장중기준 20% 초과 상승한 적이 없고, 만기지수가 기준지수 대비 상승한 경우, 만기지수에 따라 최고 연 4.05%의 수익을 제공하는 상품입니다. (단, 기준지수가 장중기준 20% 초과 상승한 적이 있는 경우 연 3.65%로 수익률이 확정됩니다.) 203B 가입 전 상세 수익구조를 반드시 확인하시기 바랍니다."
보증_1478,"세이프지수연동예금 KOSPI200 최소보장 상승형 24-01호(1년)는 연 3.00%를 보장하면서, KOSPI200의 만기지수가 기준지수 대비 상승한 경우 [지수 상승률X 참여율 7%]의 추가수익을 제공하는 상품입니다.203B 가입 전 상세 수익구조를 반드시 확인하시기 바랍니다."
보증_1479,"이체수수료(모바일, 인터넷, 폰뱅킹ARS), 인출수수료 (신한은행CD/ATM), 타행자동이체수수료가 무제한 면제되며, 쏠편한 저금통을 이용할 수 있는 상품"
보증_1480,매일 절약한 금액/자투리 금액을 계좌에 모아 그 적립금을 매월 돌려받을수 있는온라인(인터넷/스마트 뱅킹) 전용 소액 입출금 상품입니다▶가상의 저금통
보증_1481,"신한 S-MORE카드, 신한투자증권의 FNA포인트, 신한라이프의 방카포인트가 적립됩니다."
보증_1482,개인사업자를 대상으로 우대요건을 충족한 고객에게 특화된 금융혜택과 부가서비스를 제공하는 입출금이 자유로운 예금상품
보증_1483,"만 15세 이상의 고객 대상의 상품으로 수수료 면제, 환율우대 등의 금융혜택이 제공되어 편리한 금융거래가 가능한 주거래 통장입니다."
보증_1484,"은퇴고객 또는 은퇴준비 고객을 대상으로 여유로운 노후생활을 지원하기 위해 은퇴 이후 연금소득에 해당하는 『공적연금, 퇴직연금,개인연금』입금시 다양한 우대서비스를 제공하는 종합 연금통장"
보증_1485,고객과 사회의 가치를 함께 확장해 나가는 상생추구 상품
보증_1486,힘찬 내일 높은 도약! 청년 자산 형성을 위한 정책성 적립식 상품
보증_1487,신한은행 모바일뱅킹 앱 201C신한 SOL뱅크201D 이용 고객에게 우대금리를 제공하는 적립식 상품
보증_1488,연금 수령 횟수에 따라서 우대금리 드리는 적립식 상품
보증_1489,"한 달부터 일 년까지, 기간을 정해 매주 납입하는 적금"
보증_1490,"한 달부터 일 년까지, 기간을 정해 매일 납입하는 적금"
보증_1491,동일자에 청약을 가입하면 우대금리를 제공하는 적금
보증_1492,"『1회용 컵 보증금 제도』 사전홍보 및 친환경 실천 공감대 형성, 고령자를 우대하는 ESG 상품"
보증_1493,신한은행 배달앱 201C땡겨요201C 서비스를 이용하거나 주단위 적금 납입 미션 달성 고객에게 우대금리를 제공하는 적립식 상품
보증_1494,일주일에 3일만 마음먹고 목돈만드는 좋은 습관!소액으로 시작하는 6개월 단기 적금!
보증_1495,소중한 분께 기억에 남는 선물을 하세요!
보증_1496,의무복무중인 병사들에게 목돈마련을 준비할수 있도록 우대이자율을 제공하는 비과세 적금
보증_1497,"분기별 100만원 이내 자유롭게 적립이 가능하고, 요건 충족 시 안심보험 무료가입 서비스를 제공하는 적립식 상품 (만 18세 이하 가입가능)"
보증_1498,군 간부 대상으로 거래실적에 따라 우대이자율을 지급하는 군 간부 전용 적립식 상품(월 저축한도 50만원까지)
보증_1499,일정기간후에 일정금액을 지급할것을 미리 약정하고 월 1회 일정한 일자에 일정금액을 수입하는 적금 상품
보증_1500,"서민경제 회복을 위해 저소득층의 목돈마련을 돕고, 서민의 자립 및 재산형성을 지원하는 적립식 상품"
보증_1501,미소금융대출 성실상환자 및 채무조정 성실상환자의 자산형성을 지원하는 적금 상품
보증_1502,해외 송금시 특별중도해지 이율을 제공하는 외국인 전용 적금
보증_1503,"1.개인사업자 및 법인(기타 법인격이 없는 단체,조합 등 포함)2.다양한 기간 6개월 이상 60개월 이내로 설정 할 수 있습니다.3.정기(자유)적립식 선택이 가능합니다."
보증_1504,최장 18년까지 매5년 단위로 이자율이 변동되는 아동발달지원계좌
보증_1505,"주식회사 카카오페이의 간편결제 서비스를 이용하는 고객을 대상으로, 신한은행 유동성 계좌를 통한 카카오페이 간편결제 서비스 이용 현황에 따라 우대이자율을 제공하는 자유적립식 정기적금 상품"
보증_1506,인천시가 선정한 청년근로자의 장기근속 및 자산형성을 위한 3년제 적금!
보증_1507,"1, 3, 6, 12개월 필요한 기간 선택해서 50만원 이상 1억원 이내 가입 가능한 정기예금"
보증_1508,토지보상금 수령자로 증빙 서류를 제출하면 가입 가능한 정기예금
보증_1509,"다양한 기간설정,이자지급방법 및 재예치 설정기능 등으로 고객님 자금운용계획에 맞추어 운용할수 있는 맞춤형정기예금입니다."
보증_1510,고객이 선택한 회전기간에 따라 시장실세금리로 복리 운영회전기간 단위 약정이자율 보장으로 중도해지에 따른 손해가 적은 상품
보증_1511,3개월 CD 금리에 일정 스프레드를 가감한 이자율을 3개월에 한번씩변동 적용하여 금리상승시기 고객의 니즈에 부합하는 정기예금상품
보증_1512,"은퇴고객 대상의 안정적인 연금수령을 지원하고, 금리주기 변경일 마다 금리가 변동하는 장기 즉시연금"
보증_1513,5년 이내의 단기연금예금으로 고정금리 적용에 따라 매월 수령금액을 예상할 수 있어 보다 쉽게 은퇴 설계 가능한 상품
보증_1514,서울보증보험(주)의 이행보증보험증권 발급과 관련 보증금액의 일정비율을 담보금으로 예치하기 위한 용도의 1년단위 회전형 정기예금
보증_1515,은행이 할인하여 보유중인 상어음과 무역어음을 근거로 은행이 발행하는 약속어음
보증_1516,"무기명으로 발행되는 증서로 양도.양수가 자유롭고 시장 실세 금리를 반영하여 단기에 높은 이자를 지급하는 단기 상품 -증서발행 : 예금이자가 미리 계산되어 할인식으로 발행되며 증서의 교부만으로 제3자에게 양도가능 -은행등록(통장)발행 : 양도성예금증서를 실물증서 발행없이 공사채등록부상 등록기재만으로 소유권, 담보(질권)등의 권리가 보장되는 증권 발행제도"
보증_1517,계약 시 저축기간과 확정금리를 미리 정하여 일정금액을 예치하는 정기예금
보증_1518,퇴직연금 적립금을 원리금 보장형 연금자산으로 운용하기 위한 정기예금
보증_1519,퇴직연금 적립금을 원리금 보장형 연금자산으로 운용하기 위한 정기예금
보증_1520,예비자금의 입출금이 자유로우며 하루만 맡겨도 금리혜택을 제공하는 20대(만18세~만29세) 전용 상품
보증_1521,만18세 이하 고객이 조건을 충족할 경우 수수료를 우대해주는 Youth고객 전용 입출금 통장
보증_1522,창업진흥원(공공기관)으로부터 창업지원금 입금실적 발생시 금융수수료 우대를 제공하는 입출금 통장
보증_1523,"단 하루만 맡기셔도 이자를 드리는 입출금자유상품자동이체,공과금이체,카드대금자동납부도 가능매일의 잔액에대해 이자를 계산하여 매월 이자 지급"
보증_1524,비대면 거래시 수수료 우대 혜택을 제공하는 비대면 거래 전용 법인 유동성예금(통장 미발행)
보증_1525,"구직촉진수당등 *(이하 구직촉진수당) 수급권자의 수급권리를 보호하기 위한 구직촉진수당 입금 전용통장* 구직촉진수당등 : 구직촉진수당, 취업활동비용 및 취업성공수당"
보증_1526,국민연금 이체실적에 따라 각종 금융수수료 감면과 우대금리를 제공하는 국민연금 수급계좌
보증_1527,국군재정관리단에서 지급하는 군인연금(입금건별 185만원 이내)만 입금 가능한 전용통장
보증_1528,국가 및 공공기관에서 지급하는 각종 급여의 수급권을 보호하기 위해 관련법에 의해 압류가 금지되는 수급자 전용통장
보증_1529,공무원연금공단에서 지급하는 공무원연금(입금건별 185만원 이내)만 입금 가능한 전용통장
보증_1530,입출금이 자유로운 예금으로 예금잔액 범위내에서 수시 입출거래가 가능한 상품
보증_1531,지방자치단체로부터 보조금 수령을 위한 전용통장
보증_1532,"국가보훈처에서 지급하는 보훈급여금 (이하 보훈급여금)등 주) 만 입금 되는 압류방지전용통장203B주) : 보훈급여금 등 : 보훈급여금, 참전명예수당, 수당"
보증_1533,"산재보험급여금* 수급권자의 수급 권리를 보호하기 위한 산재급여금 압류방지 전용통장* 산재보험급여금 : 근로복지공단에서 지급하는 요양급여, 휴업급여, 장해급여, 유족급여, 간병급여, 상병보상연금, 장의비, 직업재활급여, 진폐연금"
보증_1534,개인 혹은 소규모 상인들이 상거래상의 안전/편의를 위해 금전 출납을은행에 대행시키고자 그 지급자금을 예치하는 상품
보증_1535,"금 관련 제품에 대한 부가가치세 매입자 납부특례제도 시행(조세특례제한법 제106조의4)에 따라 사업자간 금 관련 제품 거래시 매매대금의 결제와 부가가치세 납부를 원활히 지원하는 계좌▶대상품목①금지금(금괴, 금덩어리, 골드바 등 원재료 상태인 것으로써 순도가 1천분의 995이상인 금)②소비자가 구입한 사실이 있는 반지 등 제품 상태인 것으로써 순도가 1천분의 585이상인 금(2009.7~)③금 함유량이 10만분의 1이상인 웨이스트와 스크랩(2015.7~)"
보증_1536,"정부 및 지자체로부터 연구,개발 보조금을 수령받는 고객에게 금융 우대 혜택을 제공"
보증_1537,"스크랩등에 대한 부가가치세 매입자 납부특례제도 시행(조세특례제한법 제106조의9)에 따라 사업자간 스크랩 등 관련 제품 거래시 매매대금의 결제와 부가가치세 납부를 원활히 지원하는 계좌203B스크랩 등이란?- 「관세법」 제84조에 따라 기획재정부장관이 고시한「관세·통계통합품목분류표」 중 구리의 웨이스트 및 스크랩과 잉곳 또는 이와 유사한 재용해구리의 웨이스트와 스크랩으로부터 제조된 괴상의 주조물- 구리가 포함된 합금의 웨이스트 및 스크랩으로서 구리함유량이 100분의 40 이상인 물품-「관세법」제84조에 따라 기획재정부장관이 고시한「관세·통계통합품목분류표」 중 철의 웨이스트와 스크랩, 철강의 재용해용 스크랩 잉곳 또는 그 밖에 이와 유사한 것으로서 대통령령으로 정하는 물품"
보증_1538,"상거래의 안전과 편리를 위해 은행과 거래처간의 당좌계정계약에 의하여 거래처가 발행한 어음,수표의 지급자금 출납사무를 은행이 대행하는 예금"
보증_1539,2018국고금관리법2019에 의거하여 정부관서가 운영경비를 예치 및 사용하기 위해 개설하는 예금
보증_1540,"지방자치단체 및 공공기관이 운영하는 ＇공공발주하도급관리시스템＇을 통하여 발주한 공사대금 및 임금이 하도급자와 근로자에게 기간 내 집행될 수 있도록 관리 및 감독을 하기 위한 시스템 전용통장- 이 예금의 출금은 지방자치단체 및 공공기관이 운영하는 ＇공공발주하도급관리시스템＇의 이체요청을 통해서만 이루어지며, 창구/인터넷/스마트폰/폰뱅킹/CD/ATM 등을 통한 출금은 불가능합니다.- 이체수수료 면제 : 공공발주하도급관리시스템을 이용하여 신한은행 또는 다른은행으로 이체할 경우 발생하는 이체수수료 면제(제공기간 : 이 예금의 해지 전까지 제공)"
보증_1541,"유치원, 보육시설, 복지시설 사업자를 대상으로 하여 이 통장의 부가서비스인 유치원·보육&복지시설 우대서비스에서 정한 일정한 요건을 충족할 경우 차별적인 우대서비스를 제공하는 유동성 예금1. 가입후 3개월간 전자금융수수료와 CD/ATM 이용수수료가 면제됩니다.2. 이 서비스에서 정한 일정실적 요건 충족시 수수료 면제가 지속적으로 적용됩니다."
보증_1542,비대면 거래시 수수료 혜택을 제공하는 더존비즈온 고객사 대상 비대면 전용 법인 유동성예금
보증_1543,근로복지공단에서 직접 지급하는 체당금(대지급금)만 입금 가능한 압류방지 전용 통장
보증_1544,신한은행에서 취급하는 가계여신(주택연금 역모기지론)을 통해 직접 지급되는 주택연금만 입금 가능한 압류방지 전용 통장
보증_1545,공공 보증기관의 보증서 담보대출 실행 자금에 한하여 입금이 가능한 보증서담보대출 입금전용계좌
보증_1546,3가지 송금방식 중 하나의 송금방식을 선택하여 고객이 미리 신청한 해외송금정보에 의해 자동으로 해외송금 되는 입출금이 자유로운 원화예금 상품
보증_1547,2024년 4월 10일 제22회 국회의원선거 입후보자의 깨끗하고 투명한 선거비용 입출금 관리를 위해 각종 수수료 면제 등 차별화된 우대서비스를 일정기간 제공하는 유동성 예금입니다.
보증_1548,- 매월 약정일에 일정회차 이상을 납입하면 국민주택 청약이 가능한 성격을 기본으로 하면서 지역별 예치금액 이상을 납입하면 민영주택 청약도 가능한 종합통장 성격의 입주자저축
보증_1549,- 매월 약정일에 일정회차 이상을 납입하면 국민주택 청약이 가능한 성격을 기본으로 하면서 지역별 예치금액 이상을 납입하면 민영주택 청약도 가능한 종합통장 성격의 입주자저축
보증_1550,증금와이드예수금은 대한민국 투자자의 여유자금에 높고 안전한 예금이자로 고객의 소중한자산형성에 기여합니다.
보증_1551,"당사 보유채권에 대하여 환매수 조건으로 매매하는 방식으로 안정성과 수익성을 동시에 추구하는 상품입니다. 고객님의 여유자금을 안정적으로 운용해드리고, 경과기간에 따라 차등적인 이자를 지급해드립니다."
보증_1552,당사 발행어음을 매입하는 방식으로 예치자금에 대하여 경과기간에 따라 차등적인 이자를지급하여 드리는 상품입니다. 단 하루를 맡기셔도 이자가 지급되는 현명한 선택!지금 만나보세요.
