카드_고유키,상품명,카드설명
카드_1,휴먼라이프 S1 수협카드,바다위새로운세상휴먼라이프크루즈여행을위한맞춤혜택
카드_2,S1카드,7개업종중선택한1개업종가맹점에서카드사용시7%청구할인
카드_3,biz top기업 신용카드,법인/개인사업자에최적화된혜택을드리는카드
카드_4,국고보조금전용카드(e나라도움카드) (개인),국고보조금집행시사용되는카드
카드_5,국고보조금전용카드(e나라도움카드) (기업),국고보조금집행시사용되는카드로써국고보조금을교부받는보조사업자에게발급해드리는카드
카드_6,국민행복카드 (신용),국가바우처통합카드
카드_7,비자플래티늄카드 (개인),특별한1%의당신을위해남다른품격과가치의시작
카드_8,비자플래티늄카드 (기업),특별한1%의당신을위해남다른품격과가치의시작
카드_9,비즈플러스,성공비즈니스를위한든든한파트너
카드_10,독도사랑카드 (개인),ILoveDokdo
카드_11,독도사랑카드 (기업),대한민국우리의땅독도를지킵시다
카드_12,Feel카드(기업),"신용카드고유기능을이용하는법인신용카드로포인트약정기업회원연안여객포인트적립,바다마트청구할인"
카드_13,Feel카드(개인),"행복한생활,쇼핑의즐거움"
카드_14,Sh그린 신용카드 (기업),"생활도Green,카드도Green일상속에서손쉽게녹색생활을실천하고그린카드로우리가족생활비절약은물론다양한혜택까지~"
카드_15,정부구매카드,투명하고효율적인정부예산집행정부관서모든예산과목의운영경비를정부구매카드로지출하세요.
카드_16,블루스카이카드 (기업),회원의카드이용금액에따라제휴업체인대한항공의스카이패스마일리지를적립해주는상품
카드_17,Real Zero 부경대 학생증 파트너 체크,수협은행제휴학교전용체크카드
카드_18,국고보조금전용 체크카드(e나라도움 체크카드) (기업),국고보조금집행시사용되는카드로써국고보조금을교부받는보조사업자및대상자에게발급해드리는체크카드
카드_19,국고보조금전용 체크카드(e나라도움 체크카드) (개인),국고보조금집행시사용되는카드로써국고보조금을교부받는보조사업자및대상자에게발급해드리는체크카드
카드_20,국민행복카드 (체크),국가바우처통합카드
카드_21,Sh그린 체크카드 (기업),"생활도Green,카드도Green일상속에서손쉽게녹색생활을실천하고그린카드로우리가족생활비절약은물론다양한혜택까지~"
카드_22,제주도 보조금카드,제주도청에서민간(개인및단체)에지원되는보조금예산에대한집행을수협은행에서발행된보조금전용카드를통하여집행하도록발행된카드
카드_23,코웨이 우리카드 Ⅱ,코웨이 렌탈요금 청구할인!
카드_24,SK매직 우리카드 Ⅱ,SK매직 렌탈요금 청구할인!
카드_25,LG전자 우리카드,LG전자 구독요금 청구할인과 장기할부 서비스!
카드_26,바디프랜드 우리카드 Ⅱ,바디프랜드 렌탈요금 청구할인과 장기할부 서비스!
카드_27,넥센타이어 우리카드 Ⅱ,넥센타이어 렌탈요금 청구할인!
카드_28,쿠쿠 우리카드,쿠쿠 렌탈요금 청구할인과 장기할부 서비스!
카드_29,NU 갤러리아 우리카드,NU 갤러리아 우리카드
카드_30,코오롱몰 우리카드,코오롱몰 상품 구매시 5% 청구할인 혜택 + 12/24/36개월 장기할부 청구할인 혜택까지!
카드_31,NU Uniq Point,나를 위한 UNIQ한 선택
카드_32,오케이몰 우리카드,"오케이몰 상품을 24/36개월 장기할부로 구매하고, 월 최대 2만원 청구할인 혜택까지!"
카드_33,국민행복카드S2,"국가바우처, 임신/출산, 보육/교육, 쇼핑, 해외, 언택트라이프 혜택까지 모두 담다!!"
카드_34,국민행복 체크카드S2,"국가바우처, 임신/출산, 보육/교육, 쇼핑, 해외, 언택트라이프 혜택까지 모두 담다!!"
카드_35,AK 우리카드,AK 우리카드에 AK 쇼핑의 혜택을 전부 담다
카드_36,카드의정석 넥센타이어렌탈 우리카드,카드의정석 넥센타이어 렌탈 우리카드
카드_37,카드의정석 NEW우리V카드,"모든 백화점, 대형마트, 주유소에서&lt /5% 청구할인"
카드_38,우리 전통시장 W카드,"전통시장에서 장볼때 최대 5%까지,&lt/대중교통비 5% 할인되는 알뜰한 카드!"
카드_39,세라젬 우리카드 Ⅱ,세라젬 제품 구매하고&ltBR기분좋은 청구할인 혜택까지!
카드_40,프뢰벨 우리카드,프뢰벨 제품 장기할부 구매 시 &lt 월 최대 2만원 청구할인 혜택!
카드_41,더배스트 우리카드,더배스트 렌탈 및 할부구매하고&lt 최대 2만원 할인받자!
카드_42,렌탈페이 우리카드,당신의 똑똑한 렌탈 라이프
카드_43,NEW BS렌탈 우리카드,BS 렌탈요금 할인서비스에 다양한 생활 혜택까지 누리자!
카드_44,NEW 코웨이 우리카드,코웨이 렌탈요금 자동이체하고&lt최대 2만원 할인받자!
카드_45,청호나이스우리카드,청호나이스 렌탈요금 자동이체하고 최대 2만원 할인받자!
카드_46,청호나이스 Slim할부 우리카드,"슬림할부로 청호나이스제품 부담없이 구매하고, 다양한 생활 혜택까지 누리자!"
카드_47,바디프랜드 Slim(슬림)할부 우리카드,"슬림할부로 바디프랜드 제품 부담없이 구매하고, 다양한 생활 혜택까지 누리자!"
카드_48,쿠쿠 Slim(슬림)할부 우리카드,"슬림할부로 쿠쿠제품 부담없이 구매하고, 다양한 생활 혜택까지 누리자!"
카드_49,현대렌탈케어 우리카드,"현대렌탈케어 렌탈요금 할인에, 다양한 생활 혜택까지 누리자!"
카드_50,코웨이 Slim할부 우리카드,슬림할부로 코웨이제품 부담없이 구매하고 다양한 생활할인 혜택까지 누리자!
카드_51,대림케어 라서즐거운카드,대림케어 렌탈요금 할인에 다양한 생활 혜택까지!
카드_52,교원 웰스 우리카드,실속만점 생활할인은 기본!&ltBR렌탈요금/상조회비까지 할인받자 !
카드_53,바디프랜드 우리카드,실속있게 생활할인은 기본&lt /&ltem바디프랜드 렌탈요금 할인까지!&lt/em
카드_54,쿠쿠 렌탈프리멤버십&lt우리카드,실속만점 생활할인은 기본!&lt이제 렌탈요금 까지 할인 받자!
카드_55,POP New 우리V카드,"GS25할인 5%, T머니 10% 할인 서비스"
카드_56,다둥이행복카드,2자녀 이상을 둔 가정에게 드리는&lt최대 특혜를 누리세요~!
카드_57,GS칼텍스 화물복지카드,유가보조금 받고!&lt GS칼텍스 주유 할인까지!
카드_58,카드의정석 화물복지카드,유가보조금 + 정유3사 주유할인을&lt 카드의정석 화물복지카드 한장으로!!
카드_59,S-OIL화물복지50,전월실적 조건 없이 S-OIL 화물차우대주유소에서 주유 시 리터당 최대 50원 현장할인 제공
카드_60,SK 화물복지 50,전월실적 조건 없이 SK 내트럭플러스에서 주유 시 리터당 최대 50원 할인
카드_61,에쓰-오일 400 우리카드,S-OIL 주유소 리터당 120~400원 할인 서비스에 다양한 생활 &lt/ 혜택까지 누리자!
카드_62,LPG 화물복지카드 E1,"LPG 화물차 유가보조금 지원, E1 충전소 결제금액 1천원당 오렌지포인트 최대 30P 적립, 다양한 생활서비스 제공"
카드_63,SK Oil 400 우리카드,SK주유소 리터당 120~400원 할인에&lt / 다양한 생활 혜택까지 누리자!
카드_64,마이카 우리카드,Auto 금융 할인 및 자동차 특화서비스에 다양한 생활 할인 혜택까지
카드_65,우리V카드 Oil 100 [발급중단],자동차 연비를 높이는 새로운 답을 제시하다!
카드_66,에코마일리지 New우리V카드,"에코라서 가능한 혜택, 에코로 쌓는 더 많은 포인트"
카드_67,큰수레비지니스내트럭건설기계카드,건설기계 사업자의 성공 인프라!!
카드_68,휘닉스 우리V카드,할인혜택으로 레저의 즐거움이&lt/더욱 커진다!
카드_69,LG U+ NU 우리카드 Ⅱ,LG U+ 통신요금 할인!
카드_70,너겟 우리카드,너겟 통신요금 할인!
카드_71,T라이트 NU 우리카드 Ⅱ,SKT 통신요금 할인!
카드_72,KT NU Plus 우리카드,KT 통신요금 할인!
카드_73,KT DC Plus 우리카드,KT 통신요금 할인!
카드_74,LG U+ 우리카드 Ⅱ,LG U+ 통신요금 할인!
카드_75,U+알뜰폰 우리카드,U+알뜰폰 통신요금 할인 혜택!
카드_76,KT 마이알뜰폰 우리카드,KT 알뜰폰 통신요금 할인!
카드_77,SK 세븐모바일 라서 즐거운카드,통신요금 할인에 다양한 할인 혜택까지!
카드_78,썸(SUM)화물복지카드&lt(개인체크),"유가보조금 + 정유3사 주유할인, &lt우리 썸화물복지카드 단 한장으로!"
카드_79,국방신협 우리카드,"국방 가족을 위한 특별한 혜택을 담은 카드!&lt /군복지시설, 생활밀착형 할인 등 다양한 할인을 누리세요!"
카드_80,우리군인연금증카드,"군인연금수급자임을 증명하는 신분증 기능에 전국 군복지시설 및 5대 대표업종 청구할인, 버스요금 지원서비스"
카드_81,우리 국민연금증카드,국민연금수급자임을 증명하는 신분증 기능에 버스요금 매달 최대 5천원 지원과 다양한 카드 혜택 제공
카드_82,그린카드 (서울형),환경부 에코 프로젝트~ 그린을 꺼내세요!!
카드_83,그린카드 (전국형),환경부 에코 프로젝트~ 그린을 꺼내세요!!
카드_84,알뜰교통카드(신용),전국 어디서나 대중교통 10% 할인
카드_85,[골프] The Family 동부카드,패밀리니까! 더 받는다! 생활에 필요한 다양한 실속 할인혜택
카드_86,[문화] The Family 동부카드,패밀리니까! 더 받는다! 생활에 필요한 다양한 실속 할인혜택
카드_87,국기원 단증카드,국기원 단증에 카드를 결합한 태권도인 특화 상품
카드_88,우리성당카드 다모아포인트,세례명카드 만들고 자동기부도 하고 다양한 혜택도 누리면서 적립된 포인트는 교구에 기부됩니다.
카드_89,한국장학재단(KOSAF) 주거래 다모아 포인트 카드,"적립된 상환용 적립 포인트를 자녀의 학자금 대출 원리금 상환에 활용하며, 기타 다양한 혜택을 누리세요~"
카드_90,한국사회복지공제회 우리 주거래카드(다모아포인트),"우리은행 주거래고객님을 위한 특별한 혜택! &lt /국내 모든 가맹점에서 0.5~1.5% 적립,&lt/6개월마다 15,000점 보너스 적립!"
카드_91,경기도사회복지공제회 우리 주거래카드(다모아포인트),"우리은행 주거래고객님을 위한 특별한 혜택! &lt /국내 모든 가맹점에서 0.5~1.5% 적립,&lt/6개월마다 15,000점 보너스 적립!"
카드_92,한화생명 Family 카드 (문화형),카드 한 장으로 신용카드 혜택과 &lt/한화그룹 계열사 서비스를 한번에 해결하자!
카드_93,한화생명 Family카드 (골프형),카드 한 장으로 신용카드 혜택과 &lt/한화그룹 계열사 서비스를 한번에 해결하자!
카드_94,kt family 카드,회사에 반했다! kt 그룹이 좋아졌다!
카드_95,SDU-V Family 카드,"모든 백화점, 대형마트, 병원, 서점에서 우리V카드만 있으면 365일 할인!"
카드_96,연세동문V카드(LIFE CARE),"woori 할인서비스, 패밀리레스토랑 할인"
카드_97,연세동문V카드(ASIANA),"항공 마일리지 적립서비스, 주유, 놀이공원 할인"
카드_98,플랫폼공제회 우리체크,한국플랫폼 프리랜서 노동공제회 제휴 체크카드
카드_99,카드의정석 L.POINT CHECK,우리카드와 L.POINT가 만나다!
카드_100,그랑블루 체크카드,프리미엄의 혜택을 체크카드에 그대로!
카드_101,U&ampI 우리카드(체크),한국장애인고용공단 제휴카드
카드_102,카드의정석 COOKIE CHECK,쿠키처럼 달콤한 혜택이 쏟아진다!
카드_103,카드의정석 COOKIE CHECK,쿠키처럼 달콤한 혜택이 쏟아진다!
카드_104,해피포인트 우리체크 V.2,사용할 때 마다 커지는 적립혜택!
카드_105,카드의정석 HEROES CHECK,우리카드×광복회
카드_106,카드의정석 UniMile CHECK,"UniMile 하나로 6대 항공사 모두 OK!, 카드의 정석 UniMile CHECK"
카드_107,우리 한국장학재단(KOSAF) 체크카드,적립 포인트로 학자금 대출 원리금 상환에 활용도하고 다양한 혜택을 누리세요~
카드_108,에코마일리지 우리체크카드,에너지도 Eco하고 카드사용도 Eco하는 에코마일리지우리체크카드!!
카드_109,알뜰교통카드(COOKIE CHECK),"출근은 편하게, 교통비는 가볍게! &lt 마일리지로 더 알뜰하게~"
카드_110,카드의정석 APT CHECK,아파트 관리비 혜택을 담다!
카드_111,카드의 정석 K-CHECK,외국인 고객을 위한 맞춤형 혜택!
카드_112,CJ ONE 우리카드 체크,"CJ ONE 멤버십 혜택은 기본, 프리미엄의 혜택을 체크카드에 그대로!"
카드_113,우리 SCHOOL CHECK,학생증 한장으로 다양한 캐시백과 멀티 멤버십 혜택까지!
카드_114,NEW_UNI체크,편의점 커피 학원 할인과 함께 신나는 대학생활!
카드_115,New 현대백화점 체크카드,현대백화점ㆍ현대아울렛ㆍ진에어 할인부터 각종 생활할인 혜택까지!
카드_116,국기원 단증 체크카드,해외 이용 수수료 면제 및 이용금액 1~2% 캐시백
카드_117,우리성당 체크카드,"[가득한 체크] 협약된 교구, 성당, 세례명 등이 인자된 나만의 성당체크카드를 발급받아 가득한 혜택을 누리세요"
카드_118,우리군인연금증체크카드,군인연금수급자임을 증명하는 신분증 기능에 버스요금 지원서비스 및 다양한 생활밀착형 서비스 제공
카드_119,한화생명 Family 체크카드,카드 한 장으로 체크카드 혜택과 &lt/한화그룹 계열사 서비스를 한번에 해결하자!
카드_120,우리 국민연금증체크카드,국민연금수급자임을 증명하는 신분증 기능에 버스요금 매달 최대 5천원과 다양한 카드 혜택 제공
카드_121,POP Woori V Check Card (외국인 전용),"GS25할인 5%, T머니 10% 할인 서비스"
카드_122,POP 우리V체크카드,"GS25에서 5% 할인 , T머니 10% 할인"
카드_123,POP 우리V스쿨카드,"스타벅스, 커피빈 20%, GS25할인 5%, T-money 충전시 10% 할인"
카드_124,화물차유류구매카드(개인체크),이젠 유가보조금도 우리카드!
카드_125,다둥이행복체크카드,2자녀 이상을 둔 가정에게 드리는&lt최대 특혜를 누리세요~!
카드_126,FC EXPRESS 체크,"국내에서는 원화로, 해외에서는 외화로 바로 출금!"
카드_127,우리ONE 체크카드 국제ATM,해외에서 현금이 필요할때? 난 저렴하게 찾는다! 해외ATM 이용 특화 카드!
카드_128,우리V외국인체크카드,Special Benefits~ Enjoy 우리V외국인체크카드! 외국인을 위한 실용적인 서비스가 가득
카드_129,국제학생증체크카드,해외에서도 국내에서도 국제학생증 체크카드
카드_130,1st플래티늄 플러스카드,
카드_131,K-그린카드v2,
카드_132,DUAL카드,
카드_133,S-OIL 주유카드,
카드_134,메가박스 신용카드,
카드_135,광주전남愛사랑 HONORS V2 CARD,
카드_136,불타는청춘 베테랑 신용카드,
카드_137,SK매직 KJ카드,
카드_138,롯데하이마트 하트♥러브카드,
카드_139,멍이냥이카드,
카드_140,LG전자 베스트케어카드,
카드_141,여행스케치 아시아나클럽 플래티늄카드,
카드_142,광주·전남愛사랑HonorsCard,
카드_143,광주·전남愛사랑플래티늄카드,
카드_144,광주·전남愛사랑카드,
카드_145,1st플래티늄카드,
카드_146,1st카드,
카드_147,아름다운 유·스퀘어 KJ카드,
카드_148,부자되세요 The Oil카드,
카드_149,부자되세요 홈쇼핑카드,
카드_150,국민행복카드,
카드_151,K-Global카드,
카드_152,아이행복카드,
카드_153,동네방네 카드,
카드_154,전남대학교 총동창회 신용카드,
카드_155,여수광양항만관리(주) 복지카드(신용),
카드_156,카카오페이 체크카드,
카드_157,GLOBAL TRAVEL 체크카드,
카드_158,메가박스 체크카드,
카드_159,불타는청춘 베테랑 체크카드,
카드_160,멍이냥이 체크카드,
카드_161,목포사랑체크카드,
카드_162,1st Y - Check 카드,
카드_163,1st A - Check 카드,
카드_164,여행스케치 아시아나클럽 체크카드,
카드_165,광주상생카드체크,
카드_166,청춘대박 체크카드,
카드_167,K-CHECK 카드,
카드_168,K-TEEN 체크카드,
카드_169,전남대학교 총동창회 체크카드,
카드_170,여수광양항만관리(주)복지카드(체크),
카드_171,신한카드 봄,Color your Spring
카드_172,신한카드 봄(도구리),도토리들을 위해 준비했어
카드_173,신한카드 Globus,Global citizen in the universe
카드_174,신한카드 플리,전가맹점 혜택은 기본! 내 취향 가득 담은 나만의 플레이리스트
카드_175,신한카드 플리(산리오캐릭터즈),전가맹점 혜택은 기본! 내 취향 가득 담은 나만의 플레이리스트
카드_176,신한카드 핏(Fit),반복되는 일상부터 나를 위한 소비까지! 데이터로 찾은 내 소비의 핏
카드_177,신한카드 My TeenS(포차코),만 12세 이상 미성년 가족 신용카드
카드_178,신한카드 EVerywhere,EVerywhere we drive
카드_179,신한카드 Eats More(곰표),이츠 모아 태산! 먹을수록(Eats) 혜택을 더 모아(More)
카드_180,신한카드 Eats More(이츠모아),이츠 모아 태산! 먹을수록(Eats) 혜택을 더 모아(More)
카드_181,신한카드 Unboxing,This card will make you smile
카드_182,신한카드 래플(Raffle),Catch me in the moment!
카드_183,신한카드 구독 좋아요,Smart한 구독 Life!
카드_184,#Pay 신한카드,나의 슬기로운 Pay 생활!
카드_185,신한카드 알뜰More(알뜰모아),"알뜰폰 요금, 더 알뜰히 모으자!"
카드_186,위버스 신한카드(BTS),All Things for Fans
카드_187,신한카드 Deep Oil,속 깊은 주유혜택
카드_188,수소차 충전할인 신한카드,수소차 충전요금 10% 할인
카드_189,티머니 Pay & GO 신한카드,"탈 수록 즐겁고, 탈 수록 득이 되는"
카드_190,아시아나 신한카드 Air 1.5,1.5배 높은 적립! 해외는 더블 적립!
카드_191,신한카드 MY CAR,어떤 차를 구매하든 MY CAR는 신한카드 MY CAR로~
카드_192,신한카드 국민행복,정부에서 지원하는 국가바우처를 한장의 카드로 이용하세요!
카드_193,IKEA for Business with 신한카드,개인사업자를 위한 IKEA 할인 카드!
카드_194,신한카드 YaY,"신나는 나의 Home Life, YaY(예~이!)"
카드_195,신한카드 My TeenS,만 12세 이상 미성년 가족 신용카드
카드_196,신한카드 RPM+ Platinum#,모든 주유소 포인트 적립에 생활 맞춤 혜택까지!
카드_197,신한카드 Air One,1천원당 대한항공 1마일 적립 항공/면세/해외 2배 적립!
카드_198,신한카드 혼디모앙,"제주혜택 한데 모아, 모두 모아"
카드_199,땡겨요 신한카드,너도 살고 나도 사는 우리동네 배달앱 땡겨요
카드_200,신한카드 Deep Dream,속 깊은 디지털 라이프
카드_201,신한카드 Deep Dream Platinum+,속 깊은 혜택을 더한!
카드_202,신한카드 Deep Store,생활쇼핑 가맹점 최대 15% 할인!
카드_203,신한카드 Deep Making,내가 직접 선택하는 나만의 카드
카드_204,신한카드 Deep Taking,자동으로 챙겨주는 나만의 카드
카드_205,신한카드 Deep On Platinum+,간편결제(Pay) 서비스는 Deep On!
카드_206,신한카드 Deep Once,한번으로 누려라!
카드_207,신한카드 Deep Once Plus,한번으로 누려라!
카드_208,신한카드 YOLO ⓘ,할인율을 내 마음대로!
카드_209,신한카드 B.Big(삑),매일매일 가는 길마다 신한카드 교통 Big 할인!
카드_210,신한카드 Mr.Life,Essential For Every Lifestyle
카드_211,신한카드 Hi-Point,잘 가는 곳 1~5% 적립 어디서나 0.2~2% 적립
카드_212,신한카드 Simple+,전월 실적 없이 0.7% 캐시백!
카드_213,신한카드 Shopping,언제 어디서나 특별한 쇼핑의 순간!
카드_214,신한 햇살론카드,생활비 혜택을 가득 담은 서민금융지원카드
카드_215,신한카드 Edu,부모마음을 잘 아는 카드!
카드_216,신한카드 주거래 신용,나의 금융파트너! 신한 주거래 패키지로 더 많은 혜택을!
카드_217,신한카드 Air Platinum#,"항공 마일리지에 포인트, 프리미엄 서비스까지!"
카드_218,신한카드 Lesson Platinum#,맹모카드지교! 우리아이 레슨 받는 곳이라면 어디든지
카드_219,신한카드 Simple Platinum#,전월 실적 없이 1% 캐시백!
카드_220,신한카드 Cube Platinum #,"선택 서비스 10개 중 5개, 5% 할인"
카드_221,신한카드 Love Platinum#,"할인, 적립에 플래티늄 서비스까지!"
카드_222,GS칼텍스 신한카드 Shine,Shine카드의 빛나는 혜택
카드_223,신한카드 후불하이패스+ (하이패스 전용),"부담없는 연회비로, 교체없이 10년동안 쭈욱!"
카드_224,신한카드 후불하이패스+(SIM형),"부담없는 연회비로, 교체없이 10년동안 쭈욱!"
카드_225,(배민커넥트) 신한카드 Deep Oil 카드,속 깊은 주유혜택
카드_226,BC 부자되세요 홈쇼핑 신한카드,한장의 카드로 6대 홈쇼핑 6% 할인!
카드_227,신한카드 아름다운,"주는 행복, 받는 기쁨! 아름다운 당신의 아름다운 카드"
카드_228,신한카드 아이행복,보육료 지원금 결제와 할인서비스 혜택까지!!
카드_229,신한카드 Ownership,550만 오너를 위한 맞춤혜택 제공!
카드_230,E1 개인택시운송사업자 신한카드,최대 2% LPG 충전 혜택과 생활 할인을 동시에!
카드_231,신한카드 경차사랑 Life,속 깊은 당신을 위한 경차사랑 Life
카드_232,신한카드 Hi-Point MyShop,"세무지원, 사업경비 포인트 적립 혜택까지!!"
카드_233,신한카드 EV,전기차 LIFE를 누려보세요. 전기차 충전요금 30~50% 할인!
카드_234,신한카드 Hi-Point MyShop PLATINUM#,"세무지원, 사업경비 포인트 적립 혜택까지!!"
카드_235,청년동행 신한카드 B.Big(삑),매일매일 가는 길마다 신한카드 교통 Big 할인!
카드_236,큰수레 비즈니스 신한카드 Simple+,사업자를 위한 부가세 서비스!
카드_237,신한카드 집,주택임대료 할인과 생활 할인 중 선택하여 발급받으세요!
카드_238,국세청 복지 GS칼텍스 신한카드 Shine,국세청 임직원 복지 증진을 위한 복지카드
카드_239,국세청 복지 신한카드 Lady,국세청 임직원 복지 증진을 위한 복지카드
카드_240,공무원연금복지 GS칼텍스 신한카드 Shine,복지포인트도 생활비 할인도 하나의 카드로!
카드_241,공무원연금복지 SK에너지 신한카드 Oiling,복지포인트도 적립혜택도 하나의 카드로!
카드_242,장애인 통합복지 신한카드 2030,LPG 할인 + 무임교통카드 + 고속도로 통행료 감면 서비스 제공
카드_243,장애인 통합복지 신한카드 Lady,LPG 할인 + 무임교통카드 + 고속도로 통행료 감면 서비스 제공
카드_244,신한카드 Shopping(한국유치원총연합회 교원증),Shopping에 교원증을 더하다
카드_245,대한간호협회 신한카드 RN,Registered Nurse CARD
카드_246,대한치과위생사협회 신한카드 Lady,"앞서가는 여성의 필수품, Lady카드!"
카드_247,대한치과위생사협회 GS칼텍스 신한카드 BigPlus,더 이상의 카드는 없다. 신개념의 주유 서비스를 경험해 보세요!
카드_248,알뜰교통 신한카드,가볍고 편해지는 발걸음! 대중교통 요금 10%할인
카드_249,SK55 화물복지 신한카드,현장에서 바로 받는 주유 할인 혜택!
카드_250,화물운전자복지 신한카드,화물운전자복지 카드로 빠르고 편리하게 유가보조금 지원 받으세요 !
카드_251,SK에너지 2MORE 화물복지 신한카드,SK에너지 2MORE 화물복지카드로 빠르고 편리하게 유가보조금 지원 받으세요 !
카드_252,알뜰주유소 화물운전자복지 신한카드,알뜰주유소 화물복지카드로 빠르고 편리하게 유가보조금 지원 받으세요 !
카드_253,HD현대오일뱅크 2UP 화물운전자복지 신한카드,HD현대오일뱅크 2UP 화물복지카드로 빠르고 편리하게 유가보조금 지원 받으세요 !
카드_254,S-OIL 2UP 화물운전자복지 신한카드,S-OIL 2UP 화물복지카드로 빠르고 편리하게 유가보조금 지원 받으세요 !
카드_255,노란우산 신한카드,"사업경비 결제하고 포인트도 쌓고! 주유, 병원/약국, 대중교통 할인까지!"
카드_256,개인택시운송자사업자 신한카드 T-플러스,편리한 유가보조금 지원과 강화된 포인트 적립 혜택까지!
카드_257,S.Sing 씽화물복지 신한카드,S.Sing 씽 화물복지카드로 빠르고 편리하게 유가보조금 지원 받으세요 !
카드_258,외식가족공제 신한카드 Hi-point MyShop,내 사업의 비용절감을 위한 완벽한 카드!
카드_259,교직원복지 신한카드 LOVE,교직원공제회원의 알뜰소비생활 필수카드!
카드_260,한국수력원자력 임직원복지 신한카드 LOVE,"한수원 복지포인트 이용에 할인, 포인트 적립까지!"
카드_261,SK One+ 화물복지 신한카드,화물 유가보조금+주유할인 서비스까지!
카드_262,부산가족사랑 GS칼텍스 신한카드 Shine,부산시의 다자녀가정 지원 가족사랑 카드
카드_263,119 소방사랑 GS칼텍스 신한카드 Big Plus,
카드_264,신한카드 Applus,iPhone for Life
카드_265,카카오뱅크 신한카드 Time,Time For us to Shine
카드_266,SPOTV NOW 신한카드 구독 좋아요,SPOTV NOW를 즐기는 방법!
카드_267,CJ ONE 프리즘 신한카드,CJ ONE 포인트 매니아를 위한 특권!
카드_268,신한투자증권 알파 플러스 신한카드,알파포인트로 누리는 새로운 투자경험!
카드_269,KT 가족만족 할부 신한카드,KT 휴대폰 할부에 통신요금 할인까지!
카드_270,신세계사이먼 프리미엄 아울렛 신한카드 병약이핑도리,신세계사이먼 프리미엄 아울렛 최대 10% 결제일 할인
카드_271,신세계사이먼 프리미엄 아울렛 신한카드 유미어스,신세계사이먼 프리미엄 아울렛 최대 10% 결제일 할인
카드_272,신한카드 KaPick,Kakaopay Pick
카드_273,건담 신한카드,건프라와 피규어를 마음껏!
카드_274,신한라이프 THE PRIDE 신한카드,"보험료 할인과 함께 의료, 헬스, 생활편의 할인 서비스를 한번에"
카드_275,LG트윈스 신한카드,LG트윈스 홈경기 응원하러 야구장 갈땐~ 필수템!
카드_276,T 멤버십 라이프 신한카드,T 멤버십 고객의 필수템!
카드_277,베베쿡 신한카드,아이와 엄마를 위한 현명한 선택
카드_278,프레딧 멤버십 신한카드,프레딧 멤버십을 위한 완벽한 혜택!
카드_279,투썸플레이스 신한카드,"30% 할인, 사이즈업 쿠폰에 대중교통 생활혜택까지!"
카드_280,제주신화월드 신한카드,제주신화월드 객실 최대 15% 할인
카드_281,GS Prime 신한카드,쓸 때마다 쌓이는 GS&POINT!
카드_282,T우주 신한카드,"모두의 구독 유니버스, T우주"
카드_283,IKEA Family with 신한카드,스마트하게 IKEA를 즐기는 방법!
카드_284,오아시스 신한카드,오아시스 새벽배송 15% 할인!
카드_285,아모레퍼시픽 신한카드,뷰티포인트 적립 혜택을 누리세요
카드_286,요기요 신한카드,맛있는 생활의 필수 혜택 카드
카드_287,L.PAY 신한카드,간편 결제의 새로운 기준 L.PAY!
카드_288,LG헬로비전 신한카드,"LG헬로비전 요금 (케이블방송, 인터넷, 알뜰폰-헬로모바일 등) 할인"
카드_289,네이버페이 라인프렌즈 신한카드,실적조건과 적립한도에 제한이 없는 네이버페이 포인트 특화카드
카드_290,iMND Light 신한카드,맞춤형 복지포인트 사용 및 iMND Light의 산뜻한 혜택을 누리세요
카드_291,Z:IN 인테리어 신한카드,최대 60개월 장기 할부와 매월 최대 1만 5천원 캐시백 혜택까지
카드_292,SK렌터카 신한카드 MY CAR,"새로운 모빌리티, 더 커진 금융 혜택!"
카드_293,마이 홈플러스 신한카드,홈플러스 포인트 1.2%적립(점외 이용시 0.5%적립)
카드_294,11번가 신한카드,쉽고 편한 모바일 쇼핑 세상 편한 11PAY 결제!
카드_295,신세계 신한카드,"신세계백화점 멤버십 혜택, 신세계백화점 5% 할인!"
카드_296,신세계 신한카드 SKYPASS / Asiana Club,신세계백화점 멤버십 혜택 항공마일리지 기본/추가 적립
카드_297,신세계 The BLOSSOM 신한카드,신세계백화점 최대 7% 결제일 할인
카드_298,신세계사이먼 프리미엄 아울렛 신한카드,신세계사이먼 프리미엄 아울렛 최대 10% 결제일 할인
카드_299,(대전신세계 엑스포점)신세계 신한카드,"신세계백화점 멤버십 혜택, 신세계백화점 5% 할인"
카드_300,더본 신한카드,스마트 가격! 맛있는 더본 브랜드는 신한카드와 함께!
카드_301,모바일 Tmoney 신한카드,모바일 Tmoney App 이용 시 20%할인
카드_302,KBO제휴 신한카드 MY KBO,전가맹점 최대 0.6% 적립 및 전구단 야구할인
카드_303,olleh 슈퍼 DC(Super DC) 신한카드 빅플러스,월 최대 1만 5천원 통신요금 할인 및 다양한 제휴 혜택!
카드_304,SOCAR 제휴 SOCAR 신한카드,SOCAR 결제 시 30% 할인
카드_305,리디 신한카드,전자책 서점 리디북스 20% 할인!
카드_306,New LG전자 베스트샵 PLUS 신한카드,LG전자 가전제품 알뜰하게 구매하자!
카드_307,위메프페이 신한카드,전월실적 조건 없이 어디서든 적립되는 온라인 쇼핑
카드_308,네이버페이 신한카드,"전월실적, 적립한도 없는 네이버페이 포인트적립혜택을 누려보세요"
카드_309,다이소 신한카드,"다이소 30%, 생활 10%, 영화 20% 할인"
카드_310,메가쇼핑 신한카드,메가마트 포인트 1.5% 적립(점외 이용 시 0.5% 적립)
카드_311,SRT GS칼텍스 신한카드 Shine,레일리지 쌓고 SRT 이용시 혜택 받으세요!
카드_312,제주항공 Refresh Point 신한카드,"차곡차곡 항공 포인트 쌓고, 내맘대로 쉽게 꺼내 쓰자!"
카드_313,신한카드 Deep Oil(KCC오토그룹),속 깊은 주유혜택
카드_314,울산현대축구단 신한카드 2030,멋을 아는 남성의 선택!
카드_315,에스원 안심 신한카드,안심에 할인을 더하다!
카드_316,LF SQUARE 신한카드,LF SQUARE 매장 할인카드
카드_317,LG U+ Bora 신한카드 Big Plus,"LG U+ 통신요금(전화, 인터넷, TV 등) 할인"
카드_318,LG BEST 모바일 Gold 신한카드,"Gold할부 이용하고, 통신요금 할인 받으세요"
카드_319,LG U+ 사장님 통할인 신한카드,월 최대 4만 2천원 통신요금 할인
카드_320,LG U+ 스마트플랜 Plus 신한카드,U+ 통신요금에 할인을 Plus!
카드_321,KT Super할부 Plus 신한카드,KT 통신요금에 할인을 Plus!
카드_322,SKT T라이트 신한카드,라이트할부로 통신요금도 라이트하게!
카드_323,홈플러스 스페셜 신한카드,이제 홈플러스에서 최대 7% 적립 받으세요!
카드_324,탑마트 보너스포인트 Plus 신한카드,탑보너스포인트 최대 2.5% 적립(점외 이용 시 0.5% 적립)
카드_325,탑마트 보너스포인트 신한카드,탑보너스포인트 최대 2.0% 적립(점외 이용 시 0.5% 적립)
카드_326,LG BEST SHOP 486 신한카드,LG베스트샵 장기할부카드로 가전제품 알뜰하게 구입하세요!
카드_327,카카오페이 신한 라이언 체크,귀여운 라이언 대박 예감
카드_328,카카오페이 신한 춘식이 체크,귀여운 춘식이 대박 예감
카드_329,신한카드 Pick E 체크 캐릭터형(루피),너! 내 동료가 돼라!
카드_330,신한카드 Pick I 체크 캐릭터형(쵸파),이 세상에 고칠 수 없는 병은 없으니깐!
카드_331,신한카드 Pick I 체크 캐릭터형(맹구),맹구가 카드 안에 들어왔다!
카드_332,신한카드 Pick E 체크 캐릭터형(오수),오수가 카드 안에 들어왔다!
카드_333,신한카드 Pick E 체크(깨댕이),오밀조밀 깨댕이가 카드에 들어왔다!
카드_334,신한카드 Pick I 체크(눙눙이),안녕 내이름은 눙눙이야
카드_335,신한카드 Pick E 체크(포켓몬스터),너만의 포켓몬을 Pick 해!
카드_336,신한카드 Pick I 체크(포켓몬스터),너만의 포켓몬을 Pick 해!
카드_337,신한카드 Global+ 체크(월리를 찾아라),여행 갈때도 월리를 찾아라!
카드_338,신한카드 Way 체크(미니언즈 여름),미니언즈가 시원하게 적립해드립니다!
카드_339,신한카드 봄 체크(도구리),도토리들을 위해 준비했어
카드_340,신한카드 Pick E 체크,E들은 이 카드를 픽하지!
카드_341,신한카드 Pick I 체크,혜택도 내성적일 거란 편견은 버려~
카드_342,신한카드 Way 체크(최고심),카드에 박힌 나.. 쫌 귀여울수도?
카드_343,요기패스 신한카드 체크,끝이 없는 할인 구독 서비스
카드_344,신한카드 FANtastic S 체크(LoL),국내/해외 판타스틱한 혜택에 신한플레이 캐시백까지!
카드_345,신한카드 FANtastic S 체크(DRX),카드는 원래 꺾이지 않는 거 알지?
카드_346,LG트윈스 신한카드 체크,무적 LG! 끝까지 TWINS! 직관 할인과 실생활 혜택까지
카드_347,신한카드 On 체크(잔망루피),내 얼굴이 담긴 카드를 가지고 싶지 않니?
카드_348,GS Prime 신한카드 체크,전 가맹점에서 적립되는 GS&POINT!
카드_349,신한카드 봄(체크),Color your Spring
카드_350,신한카드 플리(체크),전가맹점 혜택은 기본! 내 취향 가득 담은 나만의 플레이리스트
카드_351,신한카드 플리 체크(산리오캐릭터즈),전가맹점 혜택은 기본! 내 취향 가득 담은 나만의 플레이리스트
카드_352,신한카드 On 체크,간편결제와 생활편의 영역까지!
카드_353,신한카드 On 체크(쥬라기),간편결제와 생활편의 영역까지!
카드_354,신한카드 Way 체크,대중교통과 생활편의 영역까지!
카드_355,신한카드 Way 체크(쥬라기),대중교통과 생활편의 영역까지!
카드_356,땡겨요 신한카드 체크,너도 살고 나도 사는 우리동네 배달앱 땡겨요
카드_357,땡겨요 신한카드 체크(라이더형),너도 살고 나도 사는 우리동네 배달앱 땡겨요
카드_358,투썸플레이스 신한카드 체크,"20% 캐시백, 사이즈업 쿠폰에 OTT 캐시백 혜택까지!"
카드_359,아모레퍼시픽 신한카드 체크,체크카드도 뷰티포인트 적립 혜택을!
카드_360,신한카드 Finnq 체크,핀크머니 0.2% 적립(월 최대1만원)
카드_361,카카오페이 신한 콘 체크카드,전월실적 조건없이 사용횟수별 최대 2만원 적립
카드_362,L.PAY 신한카드 체크,간편 결제의 새로운 기준 L.PAY!
카드_363,개인택시운송사업자 신한카드 체크,유가보조금 지원과 포인트 적립 혜택까지!
카드_364,신한카드 국민행복 체크,정부에서 지원하는 국가바우처를 한장의 카드로 이용하세요!
카드_365,신한플러스 멤버십 체크,"쓸수록 쌓이는 포인트, 신한 플러스 멤버십 체크카드로 더 많은 혜택을!"
카드_366,신한카드 Hey Young 체크,카드 덕후가 연구 했어요. 버릴 혜택이 없는 체크카드!
카드_367,Plan YES 신한카드 Global+ 체크,Global+ 서비스에 신한투자증권 우대서비스까지~!
카드_368,신한카드 Global Air 스카이패스 체크,대한항공 마일리지 적립 체크카드
카드_369,신한카드 Global Air 아시아나 체크,아시아나항공 마일리지 적립 체크카드
카드_370,신한카드 Global + 체크,해외 특화 카드
카드_371,신한카드 미래설계 4Tune 체크,"어디서나 0.2% 적립, 선택한 곳에서 5배 적립!"
카드_372,신한카드 4Tune 체크,"어디서나 0.2% 적립, 선택한 곳에서 5배 적립!"
카드_373,신한카드 TEENS(틴즈) PLUS PONEY 체크,부모와 자녀를 위한 스마트한 용돈관리 시작
카드_374,신한카드 하이패스(전용) 체크,고속도로요금 결제를 편리하게!
카드_375,신한카드 FANtastic S 체크,국내/해외 판타스틱한 혜택에 신한플레이 캐시백까지!
카드_376,신한카드 Deep Dream 체크,속 깊은 디지털 라이프!
카드_377,신한카드 주거래 체크,나의 금융파트너! 신한 주거래 패키지로 더 많은 혜택을!
카드_378,신한카드 하이패스(전용) 체크(SIM형),고속도로요금 결제를 편리하게!
카드_379,신한카드 Deep Dream 체크(미니언즈),미니언즈가 다 드림!
카드_380,신한카드 S-Line 체크(미니언즈),할인+적립+신한금융 서비스까지 한 번에!
카드_381,카카오페이 신한 체크카드,카카오페이로 간편하게 결제하고 혜택까지 플러스
카드_382,신한카드 S-Line 체크(마이펫),할인+적립+신한금융 서비스까지 한 번에!
카드_383,신한카드 S-Line 체크,할인+적립+신한금융 서비스까지 한 번에!
카드_384,신한카드 S-Choice(선택형) 체크,"복잡한 혜택의 서비스는 그만! 대중교통,커피,쇼핑 중 내가 원하는 하나의 서비스에 ALL-in"
카드_385,신한카드 S-Line 체크(배민커넥트),할인+적립+신한금융 서비스까지 한 번에!
카드_386,마이 홈플러스 신한카드 체크,홈플러스 포인트 0.6%적립(점외 이용시 0.1%적립)
카드_387,신한카드 아이행복 체크,"보육비는 물론, 부모님에게 힘이 되는 혜택까지"
카드_388,신세계 신한카드 체크,신세계백화점의 혜택을 다 모은 맞춤형 체크카드
카드_389,더본 신한카드 체크,스마트한 가격! 맛잇는 더본 브랜드는 신한카드와 함께!
카드_390,신한카드 EV 체크,전기차 LIFE를 누려보세요. 전기차 충전요금 30% 할인!
카드_391,11번가 신한카드 체크,"쉽고 편한 모바일 쇼핑, 세상 편한 11PAY 결제!"
카드_392,한국야쿠르트 팝 신한카드 체크,한국야쿠르트와 GS리테일의 특별한 혜택!
카드_393,위메프페이 신한카드 체크,전월실적 조건 없이 어디서든 적립되는 온라인 쇼핑
카드_394,SOCAR 제휴 SOCAR 신한카드 체크,SOCAR 결제시 10% 할인
카드_395,신한투자증권 CMA R+ 신한카드 Love 체크,Love 서비스와 전월 실적에 따른 CMA계좌 추가 금리 제공
카드_396,GS칼텍스 신한카드 경차사랑 체크,주유 추가할인 혜택을 더한 경차만의 특권
카드_397,요기요 신한카드 체크,요기요 구매금액 15% 할인 커피/편의점 할인까지
카드_398,네이버페이 신한카드 체크,이제 오프라인에서도 네이버페이로~
카드_399,몰테일 신한카드 체크,해외 직구는 물론 모든 해외 쇼핑을 위한 똑똑한 카드!
카드_400,KBO 제휴 신한카드 MY KBO 체크,전가맹점 최대 0.2% 적립 및 전구단 야구할인
카드_401,CJ ONE 신한카드 체크,CJ ONE 멤버십 기능에 신한 체크카드만의 특별한 혜택까지!
카드_402,다이소 신한카드 체크,"다이소 20%, 생활 10%, 영화 20% 캐시백"
카드_403,쿠팡 신한카드 체크,쿠팡 이용금액 3% 적립에 스타벅스 이용금액 캐시백까지!
카드_404,리디 신한카드 체크,전자책 서점 리디북스 10% 캐시백
카드_405,성남시 아동수당 신한카드 Deep Dream 체크,속 깊은 디지털 라이프!
카드_406,청년동행 신한카드 Deep Dream 체크,속 깊은 디지털 라이프!
카드_407,성남사랑 신한카드 Deep Dream 체크,꿈을 키우는 카드!
카드_408,신한카드 Change-Up 체크,"해외에서는 달러(USD)로, 국내에서는 원화로 Change!"
카드_409,신한카드 JYP Fan’s EDM 체크,난치병 아이들의 꿈을 이뤄주는 기부카드
카드_410,청년취업 FANtastic S 신한카드 체크,국내/해외 판타스틱한 혜택에 FAN페이 캐시백까지!
카드_411,SOL Deep Dream 신한카드 체크,속 깊은 디지털 라이프!
카드_412,KT 신한카드 체크,"KT 통신요금 5천원, GS25 5%, CGV 10% 캐시백"
카드_413,화물운전자복지 신한카드 체크,화물운전자복지 체크카드로 빠르고 편리하게 유가보조금 지원 받으세요 !
카드_414,장애인 통합복지 신한카드 2030 체크,LPG 할인 + 무임교통카드 + 고속도로 통행료 감면 서비스 제공
카드_415,장애인 통합복지 신한카드 Lady 체크,LPG 할인 + 무임교통카드 + 고속도로 통행료 감면 서비스 제공
카드_416,S.Sing 씽화물복지 신한카드 체크,S.Sing 씽 화물복지 체크카드로 빠르고 편리하게 유가보조금 지원 받으세요!
카드_417,알뜰주유소 화물운전자복지 신한카드 체크,알뜰주유소 화물복지 체크카드로 빠르고 편리하게 유가보조금 지원 받으세요 !
카드_418,알뜰교통 신한카드 S20 체크,가볍고 편해지는 발걸음~ 대중교통 요금 10% 할인
카드_419,메가쇼핑 신한카드 체크,메가마트 포인트 0.7% 적립(점외 이용 시 0.1% 적립)
카드_420,스포츠바우처 카카오페이 신한 체크카드(무지),스포츠 강좌 이용을 위한 지원금 카드
카드_421,공무원연금복지 신한카드 S-Choice (선택형) 체크,
카드_422,신한카드 TEENS(틴즈) PLUS PONEY 체크 후불교통,청소년도 후불교통으로 대중교통을 스마트하고 편리하게 이용하세요!
카드_423,나주사랑 신한카드 S-Choice(선택형) 체크,"대중교통, 커피, 쇼핑 중 내가 원하는 하나의 서비스에 ALL-in"
카드_424,성남사랑 신한카드 Deep Dream 체크(chak),성남시민을 위한 성남사랑상품권 연동 카드
카드_425,탑마트 보너스포인트 신한카드 체크,탑보너스포인트 최대 1.2% 적립(점외 이용 시 0.1% 적립)
카드_426,대덕e로움 신한카드 S-Choice 체크,"복잡한 혜택의 서비스는 그만! 대중교통, 커피, 쇼핑 중 내가 원하는 하나의 서비스에 All-in!"
카드_427,부산가족사랑 신한카드 S-Choice 체크,부산시의 다자녀가정 지원 가족사랑 체크카드
카드_428,신한카드 On 체크(한국유치원총연합회 교원증),교원증과 On 체크의 만남
카드_429,삼성증권 CMA 신한카드 Big Plus 체크,삼성증권을 이용하시는 고객님의 혜택!!
카드_430,신한카드 Hey Young 체크(청소년연맹 대학생 교사),ID카드와 Hey-Young 체크를 한 장에
카드_431,신한카드 Hey Young 체크(청소년연맹 임직원),ID카드와 Hey-Young 체크를 한 장에
카드_432,롯데마트&MAXX 카드,롯데마트&MAXX 최대 10% 할인
카드_433,디지로카 London,결제 방식도 내 취향에 맞게 나를 위한 스마트 라이프
카드_434,디지로카 Paris,카드 하나로 누리는 디지털 쇼핑 라이프
카드_435,LOCA LIKIT 1.2,모든 가맹점 1.2% 할인
카드_436,LOCA in MEGACITY,부산/울산/경남 지역 특화 할인
카드_437,LOCA LIKIT Eat,"음식점, 배달앱, 커피 60% 할인"
카드_438,롤라카드,롯데계열사 7% 롤라머니 적립 카드
카드_439,LOCA LIKIT Play,"주유, 영화, 스트리밍 60% 할인"
카드_440,LOCA for Shopping,온·오프라인 쇼핑 10% 풍성한 할인
카드_441,Trip to 로카,국내외 가맹점 1.2%~2.0% 결제일 할인
카드_442,카카오뱅크 롯데카드,실적 조건없이 온·오프라인 전 가맹점 캐시백
카드_443,케이뱅크 롯데카드,"모든 가맹점 최대 1%, 라이프 가맹점 최대 50% 캐시백"
카드_444,Trip to 로카,국내외 가맹점 1.2%~2.0% 결제일 할인
카드_445,Kakaopage 롯데카드,카카오페이지 이용 시 5% 캐시백
카드_446,LOTTE ONers 롯데카드,L.POINT 적립 0.5%~3% 적립
카드_447,LOCA X 웰릭스렌탈,웰릭스 렌탈 이용 시 결제일 할인 또는 캐시백!
카드_448,L.pay 롯데카드 Ⅱ,지난달 실적 30만원 이상 시 1.0% ~ 1.5% 적립율
카드_449,교보문고 플래티넘 롯데카드,월 최대 30만 교보문고 통합포인트 적립
카드_450,롯데체크카드,롯데체크카드
카드_451,롯데포인트 플러스 체크카드,롯데포인트 플러스 체크카드
카드_452,I♥Busan 체크카드,아이러브부산
카드_453,롯데 비즈니스 체크 카드,사업자를 위한 할인 카드
카드_454,SUPER PLUS 체크카드,롯데슈퍼에서 최고 10% 캐쉬백
카드_455,롯데체크카드VISA,롯데체크카드VISA
카드_456,롯데 체크플러스 카드,계좌 잔고가 부족해도 30만원의 신용한도 제공
카드_457,위클리 체크카드,평일 이용실적이 높을수록 커지는 주말 캐시백 혜택
카드_458,위클리 VISA 롯데체크카드,평일 이용실적이 높을수록 커지는 주말 캐시백 혜택
카드_459,세븐일레븐 멤버십롯데체크카드,세븐일레븐 할인 서비스
카드_460,쉐보레오토 체크카드,계획적인 내 차 마련의 베스트 솔루션
카드_461,SKYPASS롯데 플래티넘 체크카드,SKYPASS롯데 플래티넘 체크카드
카드_462,SK롯데 체크카드,SK주유소에서 리터당 40원 할인
카드_463,해병대 전우 롯데 포인트플러스 체크카드,한번 해병은 영원한 해병
카드_464,해병대 전우 롯데체크플러스 카드,한번 해병은 영원한 해병!
카드_465,뉴롯데시네마 롯데체크카드,월 최대 5천원 영화관람권 할인!
카드_466,쇼퍼홀릭 롯데홈쇼핑 롯데체크카드,롯데홈쇼핑 쇼퍼홀릭 마니아들을 위한 쇼핑의 필수 아이템! 포인트적립과 할인쿠폰이 동시에!
카드_467,AIA생명 롯데 리얼체크카드,AIA생명 보험료 결제시 월 3천원~5천원 할인!
카드_468,인피니트 카드,인피니트 카드
카드_469,다이아몬드 카드 SKYPASS형,리더만의 자부심
카드_470,다이아몬드 카드 아시아나클럽형,리더만의 자부심
카드_471,다이아몬드 카드 L.POINT형,리더만의 자부심
카드_472,다이아몬드 카드 플라이어마일형,리더만의 자부심
카드_473,L.CLASS L60 (스카이패스형),"스카이패스 마일리지 적립, 스페셜기프트 제공"
카드_474,L.CLASS L60 (아시아나클럽형),"아시아나클럽 마일리지 적립, 스페셜기프트 제공"
카드_475,L.CLASS L60 (L.POINT형),"1% L.POINT 적립, 스페셜기프트 제공"
카드_476,L.CLASS L20 (스카이패스형),"스카이패스 마일리지 적립, 스페셜기프트 제공"
카드_477,L.CLASS L20 (아시아나클럽형),"아시아나클럽 마일리지 적립, 스페셜기프트 제공"
카드_478,L.CLASS L20 (L.POINT형),"1.5~3% L.POINT 적립, 스페셜기프트 제공"
카드_479,플래티넘 위버스카이 SKYPASS 카드,프리미엄의 정상을 향한 또 하나의 특권
카드_480,플래티넘 위버스카이 아시아나클럽 카드,프리미엄의 정상을 향한 또 하나의 특권
카드_481,플래티넘 위버스카이 카드,프리미엄의 정상을 향한 또 하나의 특권
카드_482,SKYPASS 롯데 플래티넘 카드,SKYPASS 롯데 플래티넘 카드
카드_483,아시아나클럽 롯데 플래티넘 카드,아시아나클럽 롯데 플래티넘 카드
카드_484,롯데 플래티넘 카드,롯데 플래티넘 카드
카드_485,[BNK경남] 어디로든 그린카드,전기차/수소차 충전 최대 40% 에코머니 포인트 적립
카드_486,[IBK기업은행] I-어디로든그린카드,I-어디로든 그린카드로 에코머니 포인트 적립하세요
카드_487,[BC바로] GOAT BC바로카드,페이북 머니 국내 최대 1.5% 매일 적립
카드_488,[BC바로] 어디로든 그린카드,친환경 자동차 충전 최대 40% 적립
카드_489,[BC바로] 에어 플러스 아시아나,1천원당 1.3 아시아나클럽 마일리지
카드_490,[BC바로] kt DC PLUS 카드,"kt 통신요금 월 최대 13,000원 할인"
카드_491,[BC바로] On＆Off 카드,온라인/간편결제/음식점/커피 10% 할인
카드_492,[BNK경남] AIR Mile(대한항공) 카드,"실적조건NO, 적립한도제한NO! 대한항공 마일리지 적립!"
카드_493,[BC바로] BC 후불하이패스카드_SIM타입,고속도로 통행료 결제
카드_494,[BC바로] BC 후불하이패스카드_카드형,고속도로 통행료 결제
카드_495,[IBK기업은행] I-알뜰교통플러스,대중교통 할인
카드_496,[BC바로] 알뜰 교통 플러스,대중교통 15% 결제일 할인
카드_497,[IBK기업은행] I-Pet,동물병원 / 반려동물업종 할인
카드_498,[IBK기업은행] K22 Point,TOP포인트 1~2% 적립
카드_499,[IBK기업은행] K22 Mileage SKYPASS,대한항공(Skypass) 마일리지 적립
카드_500,[BNK경남] SK OIL＆LPG카드,SK주유소/충전소 최대120원 할인
카드_501,[BC바로] 신세계 푸빌라,국내 가맹점 0.7% 할인
카드_502,[BC바로] 에어 플러스 스카이패스,1천원당 1 스카이패스 마일리지
카드_503,[BNK경남] The Art Card(할인형),"주유, 백화점, 대형할인점, 학원 업종 할인"
카드_504,[BNK경남] The Art Card(캐시백형),국내 가맹점이용금액의 0.5% 캐시백
카드_505,[BNK경남] The Gallery Card,"할인점, 백화점, 병원, 약국, 학원업종 할인"
카드_506,[BC바로] 컬리카드,컬리 5% 적립
카드_507,[BNK부산] OIL&LPG카드_부산,"SK주유소/충전소 할인 서비스, 생활 할인 서비스"
카드_508,[IBK기업은행]I-ALL,국내외 가맹점 0.5% 할인
카드_509,[DGB대구] DGB i카드,즐겨 쓰는 5개 영역 할인 혜택
카드_510,[BC바로] kt SUPER+ 카드,"kt 통신요금 월 최대 25,000원 할인"
카드_511,[BC바로] kt SUPER 카드,"kt 통신요금 월 최대 18,000원 할인"
카드_512,[BC바로] 신세계 콰트로 플러스,신세계백화점 5% 할인
카드_513,[BC바로] 신세계 SEVEN FLEX,신세계백화점 7% 할인
카드_514,[BC바로] 신세계 클리어 플러스,신세계백화점 7% 할인
카드_515,[BC바로] 신세계 아시아나 플러스,신세계백화점 1천원당 1.4마일 적립
카드_516,[BC바로] 신세계 리워드 플러스,신세계백화점 5% 적립
카드_517,[BC바로] 리워드 플러스,"쇼핑, 엔터테인먼트, 골프, 생활 5%~30% 특별적립"
카드_518,[BC바로] 페이백 플러스,전 가맹점 0.7% 기본 할인 및 특별 카테고리 6.3% 추가 할인
카드_519,[BC바로] 클리어 플러스,"점심 식사, 배달앱, 대중교통 7% 할인"
카드_520,[BC바로] 로스트아크 카드,로스트아크 로열 크리스탈 충전 시 10% 할인
카드_521,[BC바로] 쇼핑& 카드,"쿠팡, G마켓, 옥션 7% 할인"
카드_522,[BC바로] 始發(시발)카드,"주요 始發(시발)비용 사용처 매출금액별 180/1,800원 차등 청구할인"
카드_523,[DGB대구] UntacT카드,언택트 전용 할인 혜택
카드_524,[BC바로] 케이뱅크 SIMPLE 카드,실적조건/할인한도 없이 최대 1.5% 할인
카드_525,[BC바로] 그린카드,국내 가맹점 0.8% 에코머니 적립
카드_526,[IBK기업은행] 무민신용카드,커피전문점 20%할인
카드_527,[BNK경남] ANY카드,
카드_528,[IBK기업은행] 데일리위드,6대 생활영역 이용금액 1% 기본캐시백
카드_529,[NH농협] Air Money 카드,"국내 0.8%, 해외 1.6% Air Money적립"
카드_530,[SC제일] 리워드W 신용카드,국내외 가맹점 결제 시 360리워드포인트 적립
카드_531,[NH농협] LCC UniMile 카드,유니마일(UniMile)적립 및 수하물 서비스
카드_532,[하나] 토스신용카드,해외 모든 가맹점 2% 토스 포인트 적립
카드_533,[하나] 토스신용카드,해외 모든 가맹점 2% 토스 포인트 적립
카드_534,[BNK경남] 요즘쇼핑카드,온라인/오프라인 쇼핑 5% 청구할인
카드_535,[NH농협] 적립조아카드,국내/해외 이용시 0.5~1.5% TOP 포인트 적립
카드_536,[NH농협] 쇼핑조아카드,페이 결제 시 5% 할인
카드_537,[NH농협] 할인조아카드,전 주유소(LPG포함) 리터당 60원 청구할인
카드_538,[SC제일] 뉴 타임 카드,"편의점,제과/음식점,커피/배달앱 5% 할인"
카드_539,[하나] 카카오T 하나카드,"카카오 T 건당 2,000원 할인"
카드_540,[IBK기업은행] 코웨이IBK카드,코웨이 렌탈료 자동이체 할인 서비스
카드_541,[NH농협] NH농협 엘포인트 카드(신용),주요 롯데쇼핑 계열 L.POINT 3% 적립
카드_542,[IBK기업은행] Shopping & Joy (쇼핑앤조이),온라인쇼핑 5천원 청구할인
카드_543,[NH농협] KT 수퍼할부카드,KT라이트할부 및 통신요금 할인 서비스
카드_544,[DGB대구] 세븐캐쉬백카드,국내 및 해외 가맹점 7% 할인
카드_545,[SC제일] 플러스마일 카드,대한항공/아시아나 마일리지 적립
카드_546,[BNK부산] BNK프렌즈카드(신용),국내 가맹점 최대 0.6% 할인
카드_547,[BNK경남] BNK프렌즈 신용카드,국내 가맹점 이용금액 0.3~0.6% 할인
카드_548,[IBK기업은행] 아모레퍼시픽 IBK카드,아모레퍼시픽 10% 청구할인
카드_549,[NH농협] 부자되세요 아파트카드,아파트 관리비 최대 1만원 할인
카드_550,[IBK기업은행] IBK 하이브리드(Hybrid)카드,하이브리드 서비스(체크+신용 결제서비스)
카드_551,[BNK부산] 부자되세요 아파트카드,아파트 관리비 10% 할인
카드_552,[IBK기업은행] 참! 좋은 다이소카드(신용),다이소 이용금액30% 할인
카드_553,[BNK경남] BNK2030 플래티늄카드 실버,해외 사용 수수료 할인 0.25%
카드_554,[BNK부산] BNK2030플래티늄카드 실버,해외 사용 수수료 0.25% 할인
카드_555,[BNK경남] BNK2030 플래티늄카드 골드,기프트 바우처 제공
카드_556,[BNK부산] BNK2030플래티늄카드 골드,기프트 바우처 3종 중 1개 무료 제공
카드_557,[DGB대구] 부자되세요 아파트카드,아파트 관리비 최대 1만원 할인
카드_558,[BC바로] 부자되세요 덤카드,국내 외 가맹점 0.8% 할인
카드_559,[BNK경남] 부자되세요 아파트카드,아파트 관리비 10% 청구 할인
카드_560,[IBK기업은행] 마일앤조이(대한항공),항공 마일리지 1~3마일리지 적립
카드_561,[IBK기업은행] 마일앤조이(아시아나클럽),항공 마일리지 1~3마일리지 적립
카드_562,[IBK기업은행] 일년의 설렘,정액캐시백 지급
카드_563,[IBK기업은행] 일상의 기쁨(신용),전 주유소 리터당 60원 할인
카드_564,[DGB대구] 그린카드 v2,국내 전가맹점 최대 1% 에코머니 포인트 적립
카드_565,[BNK부산] 그린카드 v2,국내 전가맹점 최대 1% 에코머니 포인트 적립
카드_566,[IBK기업은행] 그린카드 v2,국내 전 가맹점 0.2~1.0% 에코머니 포인트적립
카드_567,[NH농협] 그린카드 v2,"버스, 지하철 10%~20% 에코머니 포인트 적립"
카드_568,[BC바로] ＆POP카드,"전월 실적 조건 / 적립 한도 제한 없이, 국내 전 가맹점에서 GS＆POINT 적립"
카드_569,[DGB대구] GREIT카드,"대형마트 5,000원 할인"
카드_570,[하나] 부자되세요 The Oil카드,GS칼텍스 리터당 최대 150원 할인
카드_571,[하나] kt super DC카드,KT 통신요금 최대 1만5천원 할인
카드_572,[하나] kt super 할부카드,KT 통신요금 최대 1만5천원 할인
카드_573,[하나] 하나멤버스 1Q카드 Daily BC,국내/특화 가맹점 월 최대 2만 하나머니 적립
카드_574,[IBK기업은행] 용인시민카드(신용),용인시 주요 놀이공원 50~60% 할인
카드_575,[신한] 부자되세요 홈쇼핑카드,6대 홈쇼핑 6% 할인
카드_576,[SC제일] 이마트360카드,"이마트 쇼핑 시 5% 적립, 일반 가맹점 0.5% 적립"
카드_577,[DGB대구] olleh Super DC카드,"KT통신요금 최대 15,000원 할인"
카드_578,[SC제일] 국민행복카드(신용),"병/의원,조산원,산후조리원 업종 5% 할인"
카드_579,[BNK부산] REX 카드,아시아나 마일리지 1000원당 1.5마일 또는 TOP포인트 1% 적립
카드_580,[우리] 국민행복카드(신용),"병,의원/조산원/산후조리원 업종 5% 청구할인"
카드_581,[BNK경남] BNK 카드,국내외 모든 가맹점 최대 3.5% 청구할인
카드_582,[NH농협] 국민행복카드(신용),"병/의원,조산원,산후조리원 업종 5% 할인"
카드_583,[NH농협] 부자되세요 홈쇼핑카드,6대 홈쇼핑 이용액의 6% 할인
카드_584,[BNK부산] 국민행복카드(신용),"병,의원/조산원/산후조리원 업종 5% 할인"
카드_585,[BNK경남] 국민행복카드(신용),"병/의원, 조산원, 산후조리원 업종 5% 청구할인"
카드_586,[IBK기업은행] 국민행복카드(신용),"병/의원, 조산원, 산후조리원 업종 5% 할인"
카드_587,[DGB대구] 국민행복카드(신용),"병,의원/조산원/산후조리원 업종 5% 할인"
카드_588,[IBK기업은행] IBK-Syrup카드(신용),통합 멤버십 서비스
카드_589,[BNK경남] 부자되세요 홈쇼핑카드,6대 홈쇼핑 이용액의 6% 할인
카드_590,[BNK경남] THE CARD 1472,모든 철도 이용 시 10% 청구 할인
카드_591,[BC바로] 부자되세요 홈쇼핑카드,6대 홈쇼핑 6% 할인
카드_592,[BNK부산] 부자되세요 홈쇼핑카드(신용),6대 홈쇼핑 6% 할인
카드_593,[DGB대구] 부자되세요 홈쇼핑카드(신용),6대 홈쇼핑 6%할인
카드_594,[IBK기업은행] 참! 좋은 kt wiz카드(신용),수원 kt wiz파크 입장권 및 구단 야구용품 할인
카드_595,[SC제일] 아이행복카드(신용),어린이집 및 유치원 학원 5% 할인
카드_596,[IBK기업은행] BLISS.5 (IBK) TOP,TOP포인트 적립
카드_597,[IBK기업은행] BLISS.5 (IBK) SKYPASS,대한항공 마일리지적립
카드_598,[NH농협] 아이행복카드(신용),"어린이집, 유치원 10% 청구할인"
카드_599,[IBK기업은행] Olleh Super DC카드,KT 통신요금 최대 1만 5천원 청구할인
카드_600,[DGB대구] DGB 쇼핑카드,국내외 온/오프라인 쇼핑 최대 10%할인
카드_601,[SC제일] 리워드11 신용카드,"11번가에서 인터넷 결제 시 11%, 모바일 결제 시 22% 적립"
카드_602,[BNK부산] 딩딩 신용카드,전 주유소 리터당 60원 할인
카드_603,[DGB대구] DGB 펫러브카드,반려동물 병원 20% 할인
카드_604,[BNK부산] B Smart 오포인트카드,부산일보 구독료 최대 7천원 할인
카드_605,[SC제일] 시그마 카드,"온라인, 병원, 골프, 호텔, 해외이용 시 10만원 상당의 청구할인"
카드_606,[DGB대구] DGB ONE카드,TOP포인트 최대 1%적립
카드_607,[SC제일] 리워드 플러스 신용카드(VISA),국내외 모든 가맹점 이용 시 0.7% 적립
카드_608,[IBK기업은행] BLISS 7(IBK) SKYPASS,BLISS.7 카드 이용금액에 대해서 항공마일리지적립
카드_609,[IBK기업은행] BLISS 7_TOP,BLISS.7 카드 이용금액에 대해서 TOP포인트 적립
카드_610,[BNK경남] 경남 그린카드(전국),국내 가맹점 이용금액 0.2~0.8% 에코머니 적립
카드_611,[하나] 그린카드,국내 가맹점 최대 0.8% 에코머니 적립
카드_612,[DGB대구] 그린카드(전국),국내 전가맹점 최대 0.8% 에코머니 적립
카드_613,[NH농협] 그린카드(전국),국내 가맹점 이용금액0.2~0.8% 에코머니 적립
카드_614,[BNK부산] 그린카드,국내 전가맹점 최대 0.8% 에코머니 적립
카드_615,[SC제일] TIME카드,편의점 및 제과점 10% 할인
카드_616,[BNK경남] 에코가람울산카드,"할인점,백화점,병의원,약국,학원업종 이용 시 5% 할인"
카드_617,[BNK경남] 새창원사랑카드,"전국 할인점,백화점, 병.의원, 학원업종 등 5% 할인"
카드_618,[우리] New 화물차유류구매개인신용카드,부가세 환급 지원 서비스 지원
카드_619,[BNK부산] 캐쉬백카드(국내),국내 가맹점 최대 0.7% 할인
카드_620,[DGB대구] DGB 대백카드(공통),전 주유소 리터당 60원 할인
카드_621,[DGB대구] DGB대백카드(향기카드),전 주유소 리터당 60원 할인
카드_622,[IBK기업은행] 후불 하이패스카드,평일 출퇴근 시간대 통행료 자동 20%/50% 할인
카드_623,[SC제일] 퍼스트 시그니처 스카이패스,영화 인터넷 예매 시 최대 4000원 할인
카드_624,[DGB대구] 대구단디 신용카드,GS칼텍스 리터당 60원 할인
카드_625,[SC제일] 딜라이트 카드,GS칼텍스 주유소 이용 시 리터당 40원 할인
카드_626,[NH농협] Save & Safe카드,GS칼텍스 주유소 리터당 60~80원 적립
카드_627,[NH농협] 경기 아이플러스카드(신용),교육(외국어/컴퓨터/예체능/유치원/기타) 10% 청구할인
카드_628,[BC공통] 비씨 다이아몬드 골프야드 카드,다이아몬드 등급 VIP 서비스
카드_629,[BC공통] 비씨 다이아몬드 TOP 카드,다이아몬드 등급 VIP 서비스
카드_630,[BC공통] 비씨 다이아몬드 스카이패스 카드,다이아몬드 등급 VIP 서비스
카드_631,[BC공통] 비씨TOP포인트카드,TOP포인트 최대 0.3% 적립
카드_632,[BC공통] 독도지킴이카드,0.1% 독도지킴이 기금 제공
카드_633,[BC공통] 인피니트 TOP 카드,인피니트 등급 VIP 서비스
카드_634,[BC공통] 인피니트 아시아나클럽 카드,인피니트 등급 VIP 서비스
카드_635,[BC공통] 인피니트 스카이패스 카드,인피니트 등급 VIP 서비스
카드_636,[NH농협] Premium Top 카드,SK주유소 이용시 리터당 40포인트 적립
카드_637,[BC공통] BC Miles카드,1천원당 최대 2BC Mile 적립
카드_638,[BC공통] CarPlus카드,CarPlus 0.8% 포인트 적립
카드_639,[BNK부산] BUVIX카드,백화점 최대 3개월 무이자 할부
카드_640,[BC공통] Nobles 아시아나클럽카드,"마일리지 1,000원당 1마일 적립"
카드_641,[BC공통] TnT카드,통신요금 5% 할인
카드_642,[BC공통] Nobles 스카이패스,"마일리지 1,500원당 1마일 적립"
카드_643,[BC공통] 레포츠카드,"여행, 레포츠업종 등 무이자 할부서비스"
카드_644,[BC공통] 쉬즈 카드,"백화점, 대형마트 최대 3개월 무이자 할부"
카드_645,[BC공통] 아시아나클럽카드,"마일리지 1,000원당 1마일 적립"
카드_646,[BC공통] 스카이패스카드,"마일리지 1,500원당 1마일 적립"
카드_647,[BC공통] 비씨SK카드,SK 주유소 및 SK충전소 리터당 25원 할인
카드_648,[IBK기업은행] I-알뜰교통플러스(체크),대중교통 건당 100원 할인
카드_649,[BC바로] 밥바라밥 페이북머니 체크카드,커피/점심/저녁 8% 페이북 머니 적립
카드_650,[DGB대구] Z체크카드,조건없이 쓸때마다 할인
카드_651,[BC바로] 페이북 머니 체크카드,"No전월실적 No연회비, 매월 최대 1만원 적립"
카드_652,[IBK기업은행] 알토스카드,경기장 입장권 3천원 할인
카드_653,[BNK경남] Air Money 체크카드,쇼핑/학원 5% Air Money 적립
카드_654,[BNK부산] 2030 언택트 체크카드,구독 서비스 20% 청구할인
카드_655,[BNK경남] 울산 다자녀 사랑 체크(울산페이),SK주유소 1% 할인
카드_656,[BNK경남] 울산페이 체크카드,"병원, 약국, 학원 5% 할인"
카드_657,[SC제일] 리워드W 체크카드,적립 한도 없이 최대 0.6% 360리워드 포인트 적립
카드_658,[IBK기업은행] 하이틴즈(Hi TEENS Check),"편의점, 푸드, 음료매장 결제 시 500원 할인"
카드_659,[DGB대구] 똑디체크카드(비교통),커피전문점 5%할인
카드_660,[하나] L.pay 하나체크카드,L.POINT 최대 2% 적립
카드_661,[IBK기업은행] 이지캐시백 카드(체크),국내외 전 가맹점 이용금액의 0.2% 캐시백
카드_662,[하나] 하나 청년취업카드,하나머니 적립 서비스
카드_663,[하나] 메이플체크카드,넥슨캐시/세라 온라인 충전 15% 할인
카드_664,[DGB대구] NEW 현대백화점 체크카드,현대백화점/아울렛 5% 할인
카드_665,[BNK부산] BNK프렌즈카드(체크),국내 이용금액 최대 0.4% 할인
카드_666,[BNK경남] BNK프렌즈 체크카드,국내 이용금액 0.2~0.4% 캐시백
카드_667,[IBK기업은행] 참! 좋은 다이소카드(체크),다이소 이용금액 20% 할인
카드_668,[SC제일] 부자되세요 더 마일리지(체크),대한항공 마일리지 적립
카드_669,[IBK기업은행] 일상의 기쁨(체크),"CGV, 롯데시네마, 메가박스 4천원 할인"
카드_670,[BNK부산] 부자되세요 더 마일리지(체크),대한항공 마일리지 적립 서비스
카드_671,[IBK기업은행] 부자되세요 더 마일리지(체크),대한항공 마일리지 적립 서비스
카드_672,[IBK기업은행] 안녕 체크카드,대중교통(버스/지하철) 이용금액 5% 할인
카드_673,[IBK기업은행] 용인시민카드(체크),용인시 주요 놀이공원 50~60% 할인
카드_674,[IBK기업은행] Hola IYTC 국제청소년증 체크카드,해외가맹점 이용금액의 1% 캐시백
카드_675,[IBK기업은행] Hola ISIC 국제학생증 체크카드,해외가맹점 이용금액의 1%캐시백
카드_676,[IBK기업은행] 나라사랑카드,군마트(PX) 10% 청구할인
카드_677,[IBK기업은행] AK IBK 체크카드,AK플라자 5% 즉시할인
카드_678,[SC제일] 신세계360카드,"신세계 가맹점 1~10% 적립, 일반 가맹점 0.2% 적립"
카드_679,[NH농협] DC 줌 체크카드,"외식, 쇼핑, 카페, 교통,서점,병원/약국 10% 할인"
카드_680,[SC제일] 국민행복카드(체크),"병/의원,조산원,산후조리원 업종 3% 할인"
카드_681,[NH농협] 점점적립카드(체크),국내외 전 가맹점 0.2%~0.4% TOP포인트 적립
카드_682,[우리] 국민행복카드(체크),"병,의원/조산원/산후조리원 업종 3% 할인(캐시백)"
카드_683,[IBK기업은행] 카카오페이 체크카드,카카오페이 이용금액 15% 청구할인
카드_684,[DGB대구] 카카오페이 체크카드,카카오페이 이용금액 15% 할인
카드_685,[BNK부산] 카카오페이 체크카드,카카오페이 이용금액 15% 할인
카드_686,[BNK경남] 카카오페이 체크카드(비교통),카카오페이 이용금액 15% 청구 할인
카드_687,[BNK경남] 카카오페이 체크카드(교통),카카오페이 이용금액 15% 청구 할인
카드_688,[NH농협] 국민행복카드(체크),"병/의원,조산원,산후조리원 업종 3% 할인"
카드_689,[DGB대구] 국민행복카드(체크),"병,의원/조산원/산후조리원 업종 3% 할인"
카드_690,[BNK경남] 국민행복카드(체크),"병/의원, 조산원, 산후조리원 업종 3% 청구할인"
카드_691,[IBK기업은행] 국민행복카드(체크),"병/의원, 조산원, 산후조리원 업종 3% 할인"
카드_692,[IBK기업은행] IBK-Syrup카드(체크),통합 멤버십 서비스
카드_693,[DGB대구] 부자되세요 홈쇼핑카드(체크),6대 홈쇼핑 6%할인
카드_694,[IBK기업은행] 참! 좋은 kt wiz카드(체크),수원 kt wiz파크 입장권 및 구단 야구용품 할인
카드_695,[SC제일] 아이행복카드(체크),어린이집 및 유치원 5% 할인
카드_696,[NH농협] 아이행복카드(체크),"온라인쇼핑몰, 소셜커머스 3~5% 청구할인"
카드_697,[IBK기업은행] 참! 좋은 글로벌체크카드,해외 가맹점 이용금액의 1.5% 캐시백
카드_698,[SC제일] 리워드11 체크카드,11번가 이용 시 11% 적립
카드_699,[DGB대구] Y+체크카드(월드),"블랙스미스, 아웃백 20% 할인"
카드_700,[BNK부산] 369청춘불패 오포인트카드,토익 응시료 10% 할인
카드_701,[NH농협] Oh! point 더블체크카드,카드 이용액의 0.2%를 Oh! Point로 적립
카드_702,[SC제일] 두드림플러스체크카드,"병원, 약국 업종 가맹점 이용액의 10% 청구할인"
카드_703,[SC제일] 에이스플러스 체크카드,"영화 인터넷 예매 시 1,500원 청구할인"
카드_704,[BNK경남] Daily #1 체크카드,"전국 백화점, 할인점, 학원 이용 시 5% 할인"
카드_705,[BNK부산] 딩딩 체크카드,편의점 10% 할인
카드_706,[BNK경남] 1020 체크카드,교통요금 건당100원 할인
카드_707,[BNK경남] 1020체크(국내외전용),전국 영화관 현장 또는 인터넷 예매 4천원 할인
카드_708,[BNK경남] 1020체크(국내전용),전국 영화관 현장 또는 인터넷 예매 4천원 할인
카드_709,[DGB대구] Y+체크카드(선불형),"블랙스미스, 아웃백 20% 할인"
카드_710,[DGB대구] Y+체크카드,패밀리레스토랑 20% 할인
카드_711,[SC제일] New두드림체크카드,"병원, 약국 업종 가맹점 이용액의 10% 청구할인"
카드_712,[BNK경남] BNK경남 그린체크카드,"영화 인터넷 예매 시 1,500원 청구할인"
카드_713,[DGB대구] DGB 단디 그린체크카드,에코머니 가맹점 이용 시 1~5% 적립
카드_714,[BNK부산] 해피포인트 체크카드,해피포인트 가맹점 20% 할인
카드_715,[DGB대구] 해피포인트 DGB체크카드(일반형),해피포인트 가맹점 20% 할인
카드_716,[DGB대구] 해피포인트 DGB체크카드(선불형),해피포인트 가맹점 20% 할인
카드_717,[IBK기업은행] 나의알파체크_OK캐쉬백,"CGV 영화관 1,500원 현장할인"
카드_718,[DGB대구] 대구단디 체크카드,전주유소 2% 할인
카드_719,[BNK부산] 마이존 체크카드,전 주유소 1.2% 할인
카드_720,[SC제일] 에이스 체크카드,"패밀리 레스토랑 10%, 스타벅스 커피 20% 할인"
카드_721,[BC공통] 비씨TOP포인트카드,TOP포인트 최대 0.3% 적립
카드_722,[BNK부산] Hi+체크카드,국내 이용액 0.1% TOP포인트 적립
카드_723,모니모A 카드,
카드_724,MY S-OIL 삼성카드,
카드_725,삼성 iD VITA 카드,
카드_726,엠베스트 엘리하이 삼성카드,
카드_728,우리동네GS 삼성카드,
카드_729,네이버웹툰 삼성 iD 카드,"‘세기말 풋사과 보습학원’, ‘화산귀환’ 디자인으로 발급된 카드는 분실/파손에 의한 카드 재발급 또는 카드 유효기한 연장 발급 시 카드사 및 제휴사의 사정으로 사전 안내 없이 ＇베이직＇ 디자인으로 발급될 수 있습니다."
카드_730,삼성 iD ON 카드,
카드_731,삼성 iD SIMPLE 카드,
카드_732,삼성 iD ENERGY 카드,
카드_733,삼성 iD PET 카드,
카드_734,삼성 iD ALL 카드,
카드_735,삼성 iD ALL 카드 (포인트),
카드_736,삼성 iD MOVE 카드,
카드_737,삼성 iD CLASSY 카드,
카드_738,삼성 iD NOMAD 카드,
카드_739,삼성 iD EV 카드,
카드_740,삼성 iD EDU 카드,
카드_741,삼성 iD AUTO 카드,
카드_742,삼성 BIZ iD BENEFIT 카드,개인 및 개인사업자에 한해 발급 가능합니다.
카드_743,삼성 iD POCKET 카드,"만 12세~18세 청소년 전용 가족카드이며, 해당 카드는 홈페이지/앱을 통해서만 신청이 가능합니다."
카드_744,삼성카드 taptap O,"해당 카드는 홈페이지/앱을 통해서만 신청이 가능하며, 모바일명세서를 기본으로 제공합니다."
카드_745,taptap DIGITAL,
카드_746,taptap DRIVE,
카드_747,taptap SHOPPING,
카드_748,네이버페이 taptap,카드 신청은 네이버페이를 통해서만 가능합니다.
카드_749,삼성카드 taptap S,"해당 카드는 홈페이지/앱을 통해서만 신청이 가능하며, 모바일명세서를 기본으로 제공합니다."
카드_750,삼성카드 & MILEAGE,
카드_751,삼성카드 BIZ LEADERS,사업에 힘이 되는 카드
카드_752,삼성 모바일플러스카드,
카드_753,요기요 삼성카드,
카드_754,SSG.COM 삼성카드,
카드_755,삼성 페이 삼성카드 taptap,"해당 카드는 홈페이지/앱을 통해서만 신청이 가능하며, 모바일명세서를 기본으로 제공합니다."
카드_756,CU·배달의민족 삼성카드 taptap,"해당 카드는 홈페이지/앱을 통해서만 신청이 가능하며, 모바일명세서를 기본으로 제공합니다."
카드_757,삼성카드 taptap I,"해당 카드는 홈페이지/앱을 통해서만 신청이 가능하며, 모바일명세서를 기본으로 제공합니다."
카드_758,PAYCO taptap,카드 신청은 PAYCO 앱을 통해서만 가능합니다.
카드_759,Toss taptap S,Toss taptap S는 모바일·이메일 명세서를 기본으로 제공합니다.
카드_760,TRADERS CLUB 삼성카드,TRADERS CLUB 회원만 신청가능합니다.
카드_761,트레이더스신세계 삼성카드,
카드_762,트레이더스 삼성카드 BIZ,
카드_763,아시아나 삼성애니패스플래티늄카드,
카드_764,아시아나 삼성지엔미플래티늄카드,
카드_765,THE 1,
카드_766,THE O V2 (아시아나),
카드_767,삼성카드 스페셜마일리지,
카드_768,코웨이 삼성카드,
카드_769,쿠쿠 삼성카드,
카드_770,CJ 삼성 iD 카드,
카드_771,T나는혜택 삼성카드,"해당 카드는 삼성카드 홈페이지(PC, 모바일)·앱을 통해서만 신청 가능하며, 모바일·이메일 명세서를 기본으로 제공합니다."
카드_772,NS홈쇼핑 삼성카드,
카드_773,SK렌터카 삼성카드,SK 장기 렌터카 이용에 현명한 선택!
카드_774,신세계 아울렛 BENEFIT 삼성카드,
카드_775,U+알뜰폰 파트너스 삼성카드,"해당 카드는 삼성카드 홈페이지(PC, 모바일)·앱을 통해서만 신청 가능하며, 모바일·이메일 명세서를 기본으로 제공합니다."
카드_776,AIA 바이탈리티 ME 삼성카드,
카드_777,AIA 바이탈리티 WE 삼성카드,
카드_778,롯데월드카드,
카드_779,이마트신세계 삼성카드 5,
카드_780,홈플러스 삼성카드,
카드_781,신세계 Art & Science 삼성카드,
카드_782,삼성 햇살론카드,* 서민금융진흥원 햇살론카드 보증약정 체결 대상에 한해 신청 가능하며 유효기간이 남은 삼성개인신용카드 보유 회원은 제외됩니다 (체크카드 소액신용기능 이용고객 및 하이패스카드 이용고객 포함)
카드_783,SK매직 삼성카드,＇SK매직 삼성카드＇는 SK매직 상품 구매시 24·36개월 무이자 할부 혜택이 아닌 렌탈료 할인 혜택이 제공되는 카드입니다
카드_784,SC제일은행 드라이브 삼성카드,
카드_785,국민행복 삼성체크카드 V2,
카드_786,국민행복 삼성카드 V2,
카드_787,THE iD. TITANIUM (포인트),
카드_788,THE iD. PLATINUM (포인트),
카드_789,BIZ THE iD. PLATINUM (포인트),
카드_790,삼성카드 BIZ 4,
카드_791,삼성카드 BIZ 6,
카드_792,부릉 삼성카드 BIZ,
카드_794,SC제일은행 삼성체크카드 YOUNG,결제계좌 : SC제일은행
카드_795,SC제일은행 삼성체크카드 CASHBACK,결제계좌 : SC제일은행
카드_796,SC제일은행 삼성체크카드 POINT,결제계좌 : SC제일은행
카드_797,SC제일은행 글로벌 삼성체크카드,결제계좌 : SC제일은행
카드_798,삼성체크카드 & CASHBACK,"현금 입출금 기능 : KB국민은행, 신한은행, 우리은행"
카드_799,삼성체크카드 & POINT,"현금 입출금 기능 : KB국민은행, 신한은행, 우리은행"
카드_800,SK에너지 화물복지 삼성체크카드,
카드_801,화물복지 삼성체크카드,
카드_802,신세계KB국민은행 삼성체크카드,결제계좌 : KB국민은행
카드_803,에버리치 삼성체크카드,
카드_804,신세계 삼성애니패스포인트 체크카드,
카드_805,신세계 삼성지엔미포인트 체크카드,
카드_806,새마을금고 삼성애니패스포인트체크카드,결제계좌 : 새마을금고
카드_807,새마을금고 삼성체크카드,결제계좌 : 새마을금고
카드_808,삼성오토캐시백체크카드,
카드_809,삼성후불하이패스카드,
카드_810,삼성후불하이패스카드,
카드_811,the Black Edition3,Invitation Only
카드_812,the Purple osee,Not Just Luxury
카드_813,the Red Stripe,My Hot Luxury
카드_814,the Red Edition5,My Hot Luxury
카드_815,the Green Edition2,My First Luxury
카드_816,the Pink,My First Seduction
카드_817,M3 BOOST,어디서나 M포인트 적립받는 카드
카드_818,M2 BOOST,어디서나 M포인트 적립받는 카드
카드_819,M BOOST,어디서나 M포인트 적립받는 카드
카드_820,X3 BOOST,어디서나 할인받는 카드
카드_821,X2 BOOST,어디서나 할인받는 카드
카드_822,X BOOST,어디서나 할인받는 카드
카드_823,Z family,패밀리용 구간반복 할인카드
카드_824,Z work,출퇴근용 구간반복 할인카드
카드_825,Z ontact,방구석용 구간반복 할인카드
카드_826,ZERO Edition2(포인트형),실적·한도 제한 없는 카드
카드_827,ZERO Edition2(할인형),실적·한도 제한 없는 카드
카드_828,기아,기아멤버스·M포인트 적립받는 카드
카드_829,쏘카,쏘카크레딧 적립받는 카드
카드_830,제네시스,GENESIS OWNER ONLY
카드_831,현대자동차,블루멤버스 포인트 적립받는 카드
카드_832,대한항공,연회비 부담은 줄이고 오직 마일리지에 집중한 카드
카드_833,야놀자ㆍ인터파크(NOL 카드),야놀자·인터파크(투어/티켓)·트리플 NOL 포인트 적립받는 카드
카드_834,American Express,현대카드
카드_835,무신사,무신사 할인에 무신사 적립금 받는 카드
카드_836,이마트,신세계포인트 적립받는 카드
카드_837,지마켓(스마일카드),스마일캐시 적립받는 카드
카드_838,코스트코,코스트코 리워드 포인트 적립받는 카드
카드_839,SSG.COM,신세계 유니버스 클럽 자동 가입에 SSG MONEY 적립받는 카드
카드_840,네이버,네이버플러스 멤버십 혜택에 네이버페이 포인트 적립받는 카드
카드_841,미래에셋증권,스탁마일리지 적립하고 주식으로 바꾸는 카드
카드_842,배달의민족,배민포인트 적립받는 카드
카드_843,스타벅스,스타벅스 별 적립받는 카드
카드_844,GS칼텍스,GS칼텍스에서 할인받는 카드
카드_845,넥슨,넥슨 현대카드 포인트 적립
카드_846,KT,KT 통신요금 자동이체 할인받는 카드
카드_847,SKT,SKT 라이트할부 할인받는 카드
카드_848,LG U+,LG U+ 통신요금 자동이체 할인받는 카드
카드_849,기타,통신 요금 자동이체 할인받는 카드
카드_850,coway-현대카드M Edition3,coway 렌탈요금 자동납부 할인받는 카드
카드_851,LG전자-현대카드M Edition3,LG전자 렌탈요금 자동납부 할인받는 카드
카드_852,인플카 현대카드,인플루언서를 위한 카드
카드_853,현대홈쇼핑,쓸 때마다 H.point가 적립되는 카드
카드_854,예스24,쓸 때마다 YES포인트가 적립되는 카드
카드_855,하이마트,하이마트 장기할부 이용 시 할인받는 카드
카드_856,The CJ,CJ계열사 할인받고 M포인트까지 적립되는 카드
카드_857,롯데면세점,쓸 때마다 LDF PAY가 적립되는 카드
카드_858,SC제일은행,My Hot Luxury
카드_859,햇살론,할인 한도 없는 생활지원 카드
카드_860,경차,경차 주유 시 할인받는 카드
카드_861,화물차,화물차 유가보조금 환급 카드
카드_862,MY BUSINESS MFood&Drink,식당·카페 사장님을 위한 포인트카드
카드_863,MY BUSINESS M Retail&Service,도소매·서비스업 사장님을 위한 포인트카드
카드_864,MY BUSINESS MOnline Seller,온라인몰 사장님을 위한 포인트카드
카드_865,MY BUSINESS M3Food&Drink,식당·카페 사장님을 위한 플래티넘 포인트카드
카드_866,MY BUSINESS M3 Retail&Service,도소매·서비스업 사장님을 위한 플래티넘 포인트카드
카드_867,MY BUSINESS M3Online Seller,온라인몰 사장님을 위한 플래티넘 포인트카드
카드_868,MY BUSINESS XFood&Drink,식당·카페 사장님을 위한 할인카드
카드_869,MY BUSINESS X Retail&Service,도소매·서비스업 사장님을 위한 할인카드
카드_870,MY BUSINESS XOnline Seller,온라인몰 사장님을 위한 할인카드
카드_871,MY BUSINESS X3Food&Drink,식당·카페 사장님을 위한 플래티넘 할인카드
카드_872,MY BUSINESS X3 Retail&Service,도소매·서비스업 사장님을 위한 플래티넘 할인카드
카드_873,MY BUSINESS X3Online Seller,온라인몰 사장님을 위한 플래티넘 할인카드
카드_874,MY BUSINESS ZEROFood&Drink,식당·카페 사장님을 위한 조건·한도 없는 카드
카드_875,MY BUSINESS ZERO Retail&Service,도소매·서비스업 사장님을 위한 조건·한도 없는 카드
카드_876,MY BUSINESS ZEROOnline Seller,온라인몰 사장님을 위한 조건·한도 없는 카드
카드_877,체크카드,M포인트 적립 체크카드
카드_878,Gift카드,현대카드
카드_879,후불하이패스카드,현대카드
카드_880,씨티 NEW 캐시백 카드,전월실적/적립한도 없이 0.7% 기본 캐시백
카드_881,씨티 리워드 카드,적립한도 없이 최대 1.5% 씨티포인트 적립
카드_882,NEW 씨티 클리어 카드,최대 30% 라이프스타일 청구할인
카드_883,신세계 씨티 클리어,최대 7% 라이프 스타일 청구할인
카드_884,씨티 프리미어마일 카드 대한항공,마일리지 전환부터 결제대금 차감까지!
카드_885,씨티 프리미어마일 카드 아시아나,마일리지 전환부터 결제대금 차감까지!
카드_886,씨티 메가마일 스카이패스,"1,500원당 0.7 스카이패스 마일리지 한도 제한 없이 적립"
카드_887,씨티 메가마일 아시아나,"1,500원당 1 아시아나 마일리지 한도 제한 없이 적립"
카드_888,신세계 씨티 리워드(비자),최대 20% 특별 포인트 적립
카드_889,신세계 씨티카드 콰트로,최대 20% 청구할인
카드_890,갤러리아 씨티카드 프레스티지,엔터테인먼트 최대 20% 청구할인
카드_891,대백 씨티카드 아인스,엔터테인먼트 최대 20% 청구할인
카드_892,신세계 씨티 플래티늄 아시아나,아시아나 마일리지 적립
카드_893,신세계 씨티 아시아나,아시아나 마일리지 적립
카드_894,씨티 글로벌 월렛 체크카드(신규 판매 중단),국내외 다양한 혜택을 한번에
카드_895,씨티 캐시백 체크카드(신규 판매 중단),한도 없이 돌려 받는 캐시백
카드_896,신세계 씨티 플러스 체크카드(신규 판매 중단),신세계백화점 할인 및 신세계 포인트 적립
카드_897,씨티 체크+신용카드(신규 판매 중단),체크카드로 알뜰하게!신용카드로 편리하게!
카드_898,A+ 체크카드(신규 판매 중단),전국 모든 음식점 최대 10% 할인
카드_899,Save 체크카드(신규 판매 중단),"커피,영화,주유시 최고의 할인"
카드_900,항공사 마일리지 체크카드(신규 판매 중단),신용카드처럼 쓰면서 더 큰 혜택을 받는 체크카드 !
카드_901,비즈니스 체크카드(신규 판매 중단),개인사업자를 위한 금융맞춤카드
카드_902,씨티 비제휴 일반카드,리워드 자동 적립
카드_903,씨티BC 비제휴 TOP카드,다양한 리워드 사용
카드_904,씨티기업 후불하이패스카드(서비스),후불 하이패스 카드
카드_905,씨티 항공사 제휴카드(대한항공),(신규판매 중단 상품)
카드_906,씨티 항공사 제휴카드(아시아나),(신규판매 중단 상품)
카드_907,씨티BC 항공사 제휴카드(대한항공),(신규판매 중단 상품)
카드_908,씨티BC 항공사 제휴카드(아시아나),(신규판매 중단 상품)
카드_909,씨티BC SK제휴카드,(신규판매 중단 상품)
카드_910,씨티 럭키BC카드,(신규판매 중단 상품)
카드_911,씨티BC 우편요금 결제전용카드,(신규판매 중단 상품)
카드_912,씨티BC SK주유전용카드,(신규판매 중단 상품)
카드_913,씨티BC 주유전용카드,(신규판매 중단 상품)
카드_914,씨티BC 항공권 결제전용카드,(신규판매 중단 상품)
카드_915,씨티BC 플래티늄카드,(신규판매 중단 상품)
카드_916,올바른NEW HAVE(원이)체크카드,원이와 함께~ 스마트한 해외혜택!
카드_917,SOHO 다사로이OIL카드,(개인사업자전용) 개인사업자를 위한 따듯하고 이로운 주유특화카드\n
카드_918,NH1961카드,"전가맹점 0.7%, 범농협 판매장 0.8% 전월실적없이 무제한 적립 + NH페이 이용 시 추가 0.1% 적립"
카드_919,NH1961체크카드,"전가맹점 0.2%, 범농협 판매장 0.3% 전월실적없이 무제한 적립 + NH페이 이용 시 추가 0.1% 적립"
카드_920,SOHO 다사로이카드,(개인사업자전용) 개인사업자를 위한 따듯하고 이로운 카드
카드_921,SOHO 다사로이+카드,(개인사업자전용) 개인사업자를 위한 따듯하고 이로운 카드
카드_922,SOHO 다사로이체크카드,(개인사업자전용) 개인사업자를 위한 따듯하고 이로운 카드
카드_923,ON PLATINUM카드(포인트),"플래티늄 카드의 온-혜택을 ON, 켜다!"
카드_924,ON PLATINUM카드(스카이패스),"플래티늄 카드의 온-혜택을 ON, 켜다!"
카드_925,ON PLATINUM카드(아시아나클럽),"플래티늄 카드의 온-혜택을 ON, 켜다!"
카드_926,올바른FLEX카드,"일상의 FLEX, 혜택을 FLEX!"
카드_927,올리 POINT 체크카드,올리와 함께~스마트한 POINT 적립카드
카드_928,올바른NEW HAVE+카드,나를 가장 잘 아는 스마트한 카드! 올바른 적립혜택!
카드_929,올바른NEW HAVE카드,나를 가장 잘 아는 스마트한 카드! 올바른 적립혜택!
카드_930,올바른NEW HAVE체크카드,나를 가장 잘 아는 스마트한 카드! 올바른 적립혜택!
카드_931,올바른OIL＆PASS카드,주유·교통혜택을 위한 올바른 선택!
카드_932,어피치 스윗 체크카드,일상에 달콤함을 더해주는 카드!
카드_933,올바른MYPICK 카드,나에게 필요한 Pack 서비스를 내맘대로 Pick!
카드_934,위 테라카드(스카이패스),Super Premium
카드_935,위 테라카드(아시아나클럽),Super Premium
카드_936,내 사랑 전주카드,"전주 삼색 맛,멋,흥 서비스 월 최대 1만원 할인"
카드_937,SK OIL & LPG 카드,SK주유소 전북지역최대 리터당 120원 할인 혜택
카드_938,1st Link On 카드,"디지털 일상, Link On으로 완성된다"
카드_939,1st TRIPLE 카드,세 가지 타입의 J머니 적립서비스!
카드_940,JB 골든에이지 신용카드,당신 인생의 황금기 JB 골든에이지와 함께하세요!
카드_941,1st 트리플 플래티늄,세 가지 타입의 적립과 플래티늄서비스!
카드_942,1st 카드(레드),"혜택도, 카드 컬러도 나에게 딱 맞는 선택형 카드!"
카드_943,1st 플래티늄 카드,"연회비는 덜어내고, 품격은 담아내고"
카드_944,1st 플래티늄+ 카드,더 특별한 혜택을 원하는 당신을 위한
카드_945,전북은행 BIZ클럽 플래티늄 카드,전북은행 BIZ클럽 회원만을 위한 차별화된 서비스
카드_946,새만금아리울 카드,전북도민을 위한 특화카드
카드_947,둘과넷 카드,"자주, 많이 쓸수록 더 커지는 혜택 !"
카드_948,NEW AUTO+,모든 주유소 리터당 최대 100원 청구할인
카드_949,LIFE+ 카드,자주 쓰는 업종에서 혜택받자!
카드_950,PLUS YOUNG 체크카드,young에게 PLUS 되는 카드
카드_951,WON FRIENDS 체크카드,캐릭터로 하나(one)되는WON FRIENDS 체크카드
카드_952,1st TRIPLE 체크카드,세 가지 영역의 캐시백 서비스!
카드_953,해피포인트 체크카드,해피포인트 가맹점 최대 20% 할인
카드_954,Smart Cashback 체크카드,전월실적 제한없이 건당 이용금액에 따라 최대 1.2% 캐시백!
카드_955,JB Bravo KOREA 체크카드,"대형마트, 베이커리, 카페 5% 할인!"
카드_956,국민행복 체크카드,한 장의 카드에 담은 다양한 국가바우처카드
카드_957,WON FRIENDS 신용카드,캐릭터로 하나(one)되는WON FRIENDS 신용카드
카드_958,LG전자 베스트케어카드,"렌탈료 및 장기할부 이용 시 최대 20,000원 할인!"
카드_959,신세계TV쇼핑 카드,신세계TV쇼핑에서 판매하는 렌탈상품 최대 18천원 할인
카드_960,SIMPLE BACK 신용카드,전월 실적 상관없이 월 최대 1만원 캐쉬백!
카드_961,SIMPLE ON 카드,"배달의 민족, 요기요부터 넷플릭스, 유튜브까지 할인이 된다고?!"
카드_962,SKYPASS PLUS 카드,떠나자 해외로! 다가올 여행을 준비해보세요!
카드_963,제주 U&B 카드(신용),축구를 사랑한다면 제주은행 & 제주유나이티드와 함께하세요!
카드_964,아시아나 마일리지카드,아시아나항공 마일리지 적립과 각종 할인 혜택을 한번에!
카드_965,J드라이빙카드,"전국 주유할인, 카드 한장으로 해결!"
카드_966,JEJUJINI Air Money카드,제주지니 Air Money로 전세계를 자유롭게 날아가세요
카드_967,제주 삼다수카드(신용),제주 삼다수카드 신용카드
카드_968,KCTV알뜰카드,KCTV 방송 요금 납부는 KCTV알뜰카드 자동이체로!
카드_969,국민행복신용카드,임신부터 보육료 & 유아학비까지 다양한 국가 바우처와 다양한 ...
카드_970,제주그린카드(신용),그린을 꺼내세요!! 제주그린카드가 다양한 혜택으로 여러분의 녹...
카드_971,KCTV알뜰카드(법인),KCTV 방송 요금 납부는 KCTV알뜰카드 자동이체로!
카드_972,제주애향카드(법인 일반/특별),기업을 대상으로 발급하는 카드로 기업의 경비 집행시에 이용하 ...
카드_973,공무직 복지카드,제주특별자치도 공무직 직원분들께만 드리는 제주은행 카드의 혜...
카드_974,제주 삼다수카드(체크),제주삼다수 체크카드
카드_975,SIMPLE BACK 체크카드,전월 실적 상관없이 월 최대 4천원 캐쉬백!
카드_976,제주 U&B 카드(체크),축구를 사랑한다면 제주은행 & 제주유나이티드와 함께하세요!
카드_977,탐나는전 체크카드,
카드_978,탐나는J체크카드,20-30 젊은 세대를 위한 젊은 카드!
카드_979,국민행복카드(체크),임신부터 보육료 & 유아학비까지 다양한 국가 바우처와 다양한 ...
카드_980,제주그린카드(체크),그린을 꺼내세요!! 제주그린체크카드가 다양한 혜택으로 여러분 ...
카드_981,부자되세요 더마일리지체크카드,연회비 없이 대한항공 마일리지 적립에 5개 온라인몰 할인까지 ...
카드_982,한라대학교 학생증 체크카드,한라대학교 재학생을 위한 학생증카드
카드_983,원더카드 LIVING,원더카드 맞춤혜택 조합 : 병원부터 관리비까지 생활비 혜택
카드_984,원더카드 FREE,실적 조건 없이 골고루 받는 혜택
카드_985,원더카드 T,한장에 담은 SK 통신/주유 혜택
카드_986,원더카드 HAPPY,우리 가족도 반려동물도 행복한 혜택
카드_987,원더카드 DAILY,매일의 즐거움을 책임지는 실용적인 혜택
카드_988,원더카드 HAPPY+,쇼핑할 때마다 행복한 플러스 혜택
카드_989,원더카드 FREE+,자유롭게 쓰고 받는 플러스 혜택
카드_990,#MY WAY(샵 마이웨이) 카드,# MY WAY(샵 마이웨이)카드출근에서 퇴근까지 나의 하루를 함께하는 카드
카드_991,#any 하나카드,"페이결제 조건없이 최대 1%청구할인, 구독서비스 50%청구할인"
카드_992,에너지 더블 카드,에너지 공과금 할인 카드
카드_993,MULTI Living 모바일카드,주중/주말/매일 청구할인 혜택이 되는 카드
카드_994,#tag1카드 Orange,카드 연속사용에 따른 우대 혜택
카드_995,#tag1카드 Navy,카드 연속사용에 따른 우대 혜택
카드_996,국민 행복 카드,국가바우처와 임신/출산 진료비 지원을 한번에!
카드_997,그린 카드,환경을 생각합니다.
카드_998,하나 원큐 카드,실적제한없이 어디서나 0.8%/1.8% 적립!
카드_999,펫 사랑 카드,반려동물을 위한 사랑 실천법
카드_1000,하나증권 캐시백 투자 카드,현명한 투자를 위한 카드
카드_1001,로마드 하나카드,"로마드 구독 요금 자동이체 시 13,000원 청구할인"
카드_1002,국민연금증 연금하나카드,국민연금 수급자를 위한 신용카드
카드_1003,대구로 카드,배달앱/택시/생활밀착업종할인까지! 대구 사람이면 대구로
카드_1004,트래블로그 신용카드,신용카드와 외화 하나머니의 만남
카드_1005,하나 스카이패스 아멕스 플래티늄 카드,1천원당 최대 2마일! 라운지 무료혜택까지
카드_1006,밀리언달러 하나카드,해외에서 달러(USD)로 결제되는 해외사용 필수템!
카드_1007,Mile 1.6 대한항공,스마트한 마일리지 적립 방법
카드_1008,Mile 1.6 아시아나,스마트한 마일리지 적립 방법
카드_1009,My Trip SKYPASS 카드 My flight,"실적 관계없이, 적립한도 없이 대한항공 마일리지 적립"
카드_1010,My Trip AsianaClub 카드 My flight,"실적 관계없이, 적립한도 없이 아시아나 마일리지 적립"
카드_1011,My Trip 1Q Global VIVA,해외여행/직구족을 위한 MUST HAVE 카드
카드_1012,토스(toss) 하나카드,toss에서 하나카드를 만나보세요!
카드_1013,Mile1 하나카드,"6대 저비용 항공사 통합 마일리지, Mile1 하나로!"
카드_1014,하나멤버스 1Q(원큐) 카드 Business,포인트를 현금처럼 쓰는 하나멤버스 신용카드
카드_1015,하나멤버스 1Q 카드 Special Auto,포인트를 현금처럼 쓰는 하나멤버스 신용카드
카드_1016,하나 햇살론 카드,서민금융진흥원의 보증을 통해 신청 가능한 카드
카드_1017,애터미 Any PLUS 카드,"국내 가맹점 0.7%, 국내 온라인/해외 가맹점 1.7% 할인"
카드_1018,Any PLUS 카드,"국내 가맹점 0.7%, 국내 온라인/해외 가맹점 1.7% 할인"
카드_1019,하나멤버스 1Q(원큐) 카드 ALL in,포인트를 현금처럼 쓰는 하나멤버스 신용카드
카드_1020,1Q Special+,지역쇼핑/주유에서 혜택이 플러스
카드_1021,하나멤버스 1Q(원큐) 카드 Special,포인트를 현금처럼 쓰는 하나멤버스 신용카드
카드_1022,CLUB SK(클럽 SK)카드,100만 고객이 선택한 SK의 모든 혜택
카드_1023,MULTI Oil 모바일카드,4대 정유할인과 차량정비의 할인혜택이 되는 카드
카드_1024,후불하이패스 카드,"고속도로 통행료를 이제 간편하게, 쉽게, 빠르게"
카드_1025,차이 신용카드,CHAI에서 하나카드를 만나보세요!
카드_1026,알뜰교통 my pass 마패 신용카드(Hana-BC),"쓸 수 밖에 없다면, 아껴라"
카드_1027,Club Leaders 3 카드,"1500원당 1 대한항공 마일리지 적립, 바우처 서비스 제공"
카드_1028,Club Leaders 5 카드,"1500원당 1 대한항공 마일리지 적립, 바우처 서비스 2종 제공"
카드_1029,Club Leaders 8 카드,"1,500원당 1 대한항공 마일리지 적립, 바우처 서비스 2종 제공"
카드_1030,Club Leaders 10 카드,"1,500원당 1 대한항공 마일리지 적립, 바우처 서비스 2종 제공, 컨시어지 서비스"
카드_1031,Club Leaders 15 카드,"1,500원당 1 대한항공 마일리지 적립, 바우처 서비스 3종 제공, 컨시어지 서비스"
카드_1032,하나 CLUB H 아메리칸 익스프레스 리저브 카드,"1천원당 최대 2마일리지, 라운지 동반자 혜택, 메탈 플레이트의 품격"
카드_1033,CLUB Primus Skypass 카드,라이프 스타일에 맞게 골라서 사용하는 프리미엄 카드
카드_1034,CLUB Signature SKYPASS 카드,당신의 서명으로 완성되는 프리미엄 시그니처 카드
카드_1035,CLUB Premier Hotel 카드,실속있게 누리는 프리미엄 라이프
카드_1036,CLUB Primus Asiana Club 카드,라이프 스타일에 맞게 골라서 사용하는 프리미엄 카드
카드_1037,CLUB Signature Asiana Club 카드,당신의 서명으로 완성되는 프리미엄 시그니처 카드
카드_1038,CLUB Premier Travel 카드,실속있게 누리는 프리미엄 라이프
카드_1039,CLUB Primus Point 카드,라이프 스타일에 맞게 골라서 사용하는 프리미엄 카드
카드_1040,CLUB1카드 200,"YOU DESERVE THE ONE & ONLY - 대한민국 VVIP카드, CLUB1"
카드_1041,하나 골드클럽멤버스Ⅱ 카드,"대한항공 마일리지 1,500원당 최대 3마일리지 적립, 프리미엄 바우처, 전 세계 라운지 무료 이용"
카드_1042,모두의 신세계 하나카드,신세계 백화점 5% 할인
카드_1043,원스토어 1 하나카드,원스토어 2% 무제한 할인
카드_1044,언택트 L 하나카드,언택트 시대에 필요한 맞춤형 카드!
카드_1045,하나로마트 하나카드,하나로마트를 이용하는 현명한 방법!
카드_1046,풀무원 하나카드,풀무원에서 가장 높은 혜택 제공! 월 최대 2만원 할인!
카드_1047,메디큐브 하나카드,APR 브랜드 월 최대 3만원 청구할인
카드_1048,K리그 축덕 하나멤버스 1Q Play1 카드,자주쓰는 곳에서 하나머니 적립!
카드_1049,ITIC 국제교사증 1Q(원큐) 카드 Daily,교직원을 위한 특별한 혜택이 담긴 ITIC 국제교사증 카드
카드_1050,신세계 the Mile 하나카드,"실적, 적립한도 제한없이 아시아나 마일리지 the! 적립"
카드_1051,공무원연금 1Q(원큐) 카드 Living,공무원을 위한 특별한 혜택이 담긴 공무원 연금 카드
카드_1052,공무원연금 1Q(원큐) 카드 Shopping,공무원을 위한 특별한 혜택이 담긴 공무원연금 카드
카드_1053,공무원연금 1Q(원큐) 카드 Daily,공무원을 위한 특별한 혜택이 담긴 공무원연금 카드
카드_1054,콘텐츠박스 1Q(원큐) 카드 Daily,다양하고 엄선된 컨텐츠 제공 콘텐츠박스 서비스와 1Q 서비스를 하나로!
카드_1055,KT Super 할부,KT 고객의 라이트 한 삶을 위한 혜택! KT 상품 및 통신요금 청구 할인
카드_1056,KT Super DC,KT 고객의 Super한 삶을 위한 혜택! KT 통신요금 청구 할인 및 생활서비스를 하나로!
카드_1057,오윈 하나카드,주유부터 픽업까지! 똑똑한 Car Life를 시작해보세요.
카드_1058,청호나이스 플러스 하나카드,청호나이스 렌탈을 이용하는 현명한 방법!
카드_1059,코웨이 플러스 하나카드,코웨이 렌탈을 이용하는 현명한 방법!
카드_1060,바디프랜드 하나카드,만삼천원의 행복 바디프랜드 렌탈을 이용하는 현명한 방법!
카드_1061,쿠쿠 프리멤버쉽 하나카드,만삼천원의 행복 CUCKOO 렌탈을 이용하는 현명한 방법!
카드_1062,현대렌탈서비스 하나카드,"렌탈 자동이체 시 월 8,000원 또는 월 13,000원 할인"
카드_1063,LG전자 플러스 하나카드,LG전자 장기할부 및 렌탈료 이용 고객을 위한 특별한 혜택!
카드_1064,NEW 렌탈 플러스 하나카드,"렌탈요금 자동이체 시 13,000원 청구할인"
카드_1065,웰릭스렌탈 하나카드,웰릭스렌탈을 이용하는 현명한 방법!
카드_1066,BS렌탈 플러스 하나카드,BS렌탈을 이용하는 현명한 방법!
카드_1067,이디야 하나카드,"실적에서 자유롭고, 혜택을 덤으로 주는 내 지갑 속 카페"
카드_1068,스피킹맥스 하나카드,스피킹맥스/ 뇌새김 장기할부 및 할인서비스 제공
카드_1069,Any PLUS SMTOWN &STORE 카드,"국내 가맹점 0.7%, 국내 온라인/해외 가맹점 1.7% 할인"
카드_1070,랭킹닭컴 하나카드,건강하게 할인혜택을 챙기는 방법!
카드_1071,뇌새김 하나카드,스마트한 뇌새김 학습에 할인혜택을!
카드_1072,SK매직 하나카드,SK매직을 이용하는 현명한 방법!
카드_1073,토마토 하나카드,토마토 솔루션 가맹점에서 월 최대 5만원 청구할인
카드_1074,대명아임레디 플러스 하나카드,"대명아임레디 자동이체 시 최대 19,000원 청구할인"
카드_1075,프레딧 하나카드,정직한 신선 유기농 선별샵 프레딧에 할인 혜택을!
카드_1076,삼프로TV 하나카드,삼프로TV 유료컨텐츠 청구할인
카드_1077,모두의 일상 체크카드,전월 실적 없이 어디서나 최대 0.4% 적립
카드_1078,T1 Young Hana 체크카드,T1과 FAKER 선수 팬들을 위한 체크카드
카드_1079,모두의 건강 체크카드,모두의 건강을 선물합니다!
카드_1080,L.PAY 하나 체크카드,L.PAY 결제로 더 큰 혜택을 누리자!
카드_1081,신세계 하나 체크카드,신세계 백화점 기본할인에 캐쉬백까지 카드 한장에!
카드_1082,시코르 체크카드,시코르 기본할인에 캐쉬백까지 카드 한 장에!
카드_1083,Young Hana 체크카드 with OKcashbag,영(Young)한 당신을 위한 체크카드
카드_1084,K리그 축덕 Young Hana 체크카드 with OKcashbag,영(Young)한 당신을 위한 체크카드
카드_1085,하나멤버스 1Q 체크카드,포인트를 현금처럼 쓰는 하나멤버스 체크카드
카드_1086,HoYoverse 체크카드,HoYoverse 게임을 즐기는 분이라면 누구나
카드_1087,하나멤버스 Mega 체크카드,포인트를 현금처럼 쓰는 하나멤버스 체크카드
카드_1088,CJ ONE 체크카드,CJ ONE 제휴 가맹점에서 더 큰 혜택을 누리자! 모바일과 하나되어 더욱 스마트해진 체크카드
카드_1089,해피포인트 하나 체크카드,체크카드 혜택과 해피포인트 멤버쉽 기능을 한번에!
카드_1090,윙고 장학재단 체크카드,대학생들이 많이 이용하는 곳에서 적립된 포인트로 학자금대출 원리금 상환 가능!
카드_1091,국민연금증 하나멤버스 1Q 체크카드,국민연금 수급자를 위한 체크카드
카드_1092,청년취업카드 하나멤버스 Mega BC 체크카드,"청년의 꿈, 새로운 도전"
카드_1093,등유나눔카드 하나멤버스 1Q 체크카드,
카드_1094,MULTI Any 체크카드,전월 실적없이 어디서나 하나머니 적립
카드_1095,Young Hana+ 체크카드,영(Young)한 당신과 어울리는 체크카드
카드_1096,리틀프렌즈 체크카드,카카오 리틀프렌즈와 함께하는 나의 첫 체크카드
카드_1097,카카오페이 체크카드,가장 빠른 모바일 결제 카카오페이와 체크카드의 만남
카드_1098,넥슨 메이플스토리 하나BC 체크카드,넥슨 메이플스토리와 하나카드의 만남
카드_1099,국민행복 체크카드,국가바우처와 임신/출산 진료비 지원을 한번에!
카드_1100,넥슨 던전앤파이터 체크카드,던전앤파이터와 하나카드의 만남
카드_1101,알뜰교통 비바 e 플래티늄 체크카드,해외직구 할인과 대중교통 캐쉬백을 한번에!
카드_1102,금쪽이 Young Hana+ 체크카드,세상의 금쪽이들 다 모여라
카드_1103,트래블로그 체크카드,실적에 관계없이 제공되는 국내 하나머니 적립혜택해외 18개 통화가 결제되는 해외여행 필수템
카드_1104,VIVA X 체크카드,해외 수수료 완전 면제
카드_1105,비바 G 플래티늄 체크카드,"국내 5대 업종, 해외쇼핑 캐쉬백 서비스!"
카드_1106,길한통 체크카드,길한통 체크카드 가지고 중국 가세요!연회비 면제! 해외이용수수료 면제!
카드_1107,글로벌 페이(블루) 체크카드,안전하고 편리한 해외 전용 외화 체크카드
카드_1108,VIVA+ Allpoint 체크카드,"VIVA + 체크카드 혜택은 그대로,Allpoint 제휴 ATM 출금 수수료 면제까지!"
카드_1109,Young Hana 체크카드 OK캐쉬백 국제학생증 ISIC,Young Hana 체크카드 with Okcashbag 과 국제학생증을 하나로
카드_1110,비바G 플래티늄 국제학생증 체크카드,VIVA G 체크카드와 ISIC 국제학생증을 하나로
카드_1111,VIVA+ 체크카드,해외 이용수수료 면제!해외에서 이용할 때도 국내 처럼 사용하세요.
카드_1112,내(內) 카드,이용할수록 캐쉬백 받는 Smart한 생활!
카드_1113,YES GIFT 카드,"상품권에 신용카드의 편리함을 그대로~하나카드 가맹점이면 전국 어디서나 사용가능한 기프트카드, 특별한 분에게 부담없이 선물하세요!"
카드_1114,BC GIFT 카드,"상품권에 신용카드의 편리함을 그대로~BC카드 가맹점이면 전국 어디서나 사용가능한프트카드, 특별한 분에게 부담없이 선물하세요!"
카드_1116,BeV Ⅴ카드 (포인트형),가치 그 이상의 VVIP 라이프
카드_1117,BeV Ⅲ 카드,가치 그 이상의 VVIP 라이프
카드_1118,BeV Ⅴ카드 (스카이패스형),가치 그 이상의 VVIP 라이프
카드_1119,가온플래티늄카드,품격있는 당신을 위한 차원이 다른 포인트 적립카드
카드_1120,가온 플래티늄바우처카드,
카드_1121,마일리지 가온플래티늄카드(대한항공),품격있는 당신을 위한 차원이 다른 마일리지 적립카드
카드_1122,마일리지 가온플래티늄카드(아시아나),품격있는 당신을 위한 차원이 다른 마일리지 적립카드
카드_1123,국민행복카드,보육료 및 임신·출산 진료비 지원 등 국가바우처 지원 가능
카드_1124,STARTLUCK 카드,운송사업자들을 위한 든든한 지원 혜택의 힘
카드_1125,나라사랑체크카드,꿈꾸고 즐기는 청춘을 위한 다양한 할인 혜택
카드_1126,그린카드(전국형_서울제외),친환경 녹색실천과 에코머니포인트 적립의 기쁨을 누리는 착한 혜택의 힘
카드_1127,국방멤버쉽카드,직업 군인과 군무원 분들에게 꼭 필요한 세심한 혜택! KB국민 국방멤버쉽카드
카드_1128,스타트럭 플러스 HD현대오일뱅크카드,화물운전자를 위한 유가보조금 및 HD현대오일뱅크 주유할인 지원카드
카드_1129,KB국민 군인연금증 신용카드(사진),대한민국 군과 함께 풍요로운 노후
카드_1130,스타트럭Ⅱ GS칼텍스카드,주유만해도 리터당 최대 80원 할인!
카드_1131,스타트럭플러스 S-OIL카드,화물운전자를 위한 유가보조금 및 S-OIL 주유할인 지원카드
카드_1132,SK내트럭 유가보조금카드,화물운전자를 위한 유가보조금 및 SK주유할인 지원카드
